time,open,high,low,close
2020-04-10,0.00002989,0.00019455,0.00002989,0.00013792
2020-04-11,0.00013793,0.00015333,0.00011151,0.00011455
2020-04-12,0.00011467,0.0001355,0.00011042,0.00012726
2020-04-13,0.00012772,0.00012822,0.000113,0.00011375
2020-04-14,0.00011357,0.0001165,0.00009105,0.000097
2020-04-15,0.00009713,0.00010353,0.00009201,0.00009627
2020-04-16,0.00009611,0.00011365,0.00009497,0.00009725
2020-04-17,0.00009713,0.00010094,0.00009304,0.00009321
2020-04-18,0.00009325,0.00009985,0.0000931,0.00009348
2020-04-19,0.00009348,0.00009392,0.00008329,0.00008477
2020-04-20,0.00008478,0.00008913,0.00007624,0.00007777
2020-04-21,0.00007777,0.00008695,0.00007428,0.0000844
2020-04-22,0.00008422,0.00009983,0.0000827,0.00009727
2020-04-23,0.00009727,0.00009822,0.0000811,0.00008426
2020-04-24,0.00008445,0.00008879,0.00008132,0.00008328
2020-04-25,0.00008353,0.00008885,0.000082,0.00008564
2020-04-26,0.00008564,0.00009093,0.00008143,0.00008272
2020-04-27,0.00008272,0.00008496,0.00007298,0.00007322
2020-04-28,0.00007363,0.00009068,0.00007329,0.00008468
2020-04-29,0.00008495,0.000095,0.00008087,0.00008503
2020-04-30,0.00008498,0.00009088,0.00007768,0.00008015
2020-05-01,0.00008012,0.000084,0.00007748,0.00008201
2020-05-02,0.00008201,0.00008455,0.00007888,0.00007938
2020-05-03,0.00007922,0.00007998,0.00007318,0.00007657
2020-05-04,0.0000767,0.00007964,0.00007067,0.000075
2020-05-05,0.00007509,0.00007679,0.00007072,0.00007173
2020-05-06,0.00007174,0.00007406,0.000067,0.00006754
2020-05-07,0.00006754,0.00006852,0.00005729,0.00006085
2020-05-08,0.00006067,0.00006366,0.00005882,0.00006157
2020-05-09,0.00006168,0.00006485,0.00006125,0.00006319
2020-05-10,0.00006312,0.0000699,0.00006086,0.00006198
2020-05-11,0.00006195,0.00006548,0.00005903,0.00006018
2020-05-12,0.00006018,0.000063,0.000059,0.00006083
2020-05-13,0.00006082,0.00006223,0.00005696,0.00005941
2020-05-14,0.00005941,0.00006218,0.00005694,0.00005836
2020-05-15,0.00005838,0.00006,0.00005824,0.00005983
2020-05-16,0.00005982,0.0000639,0.00005962,0.00006388
2020-05-17,0.0000637,0.00006736,0.00006242,0.00006348
2020-05-18,0.0000635,0.0000708,0.00006238,0.00006717
2020-05-19,0.00006703,0.00006747,0.00006248,0.00006366
2020-05-20,0.00006404,0.00006404,0.00006054,0.00006113
2020-05-21,0.00006113,0.00006738,0.00006015,0.000067
2020-05-22,0.00006695,0.00007382,0.00006412,0.00006942
2020-05-23,0.00006938,0.0000695,0.00006367,0.00006614
2020-05-24,0.00006615,0.00006635,0.00006226,0.00006278
2020-05-25,0.0000627,0.000074,0.00006101,0.00006688
2020-05-26,0.00006691,0.00006899,0.0000639,0.0000649
2020-05-27,0.0000649,0.00006733,0.00006294,0.0000642
2020-05-28,0.0000642,0.00006445,0.00005992,0.00006009
2020-05-29,0.00006008,0.00006259,0.00005948,0.00006161
2020-05-30,0.00006162,0.00006321,0.00005895,0.00006037
2020-05-31,0.00006037,0.00006147,0.00005979,0.00006046
2020-06-01,0.00006045,0.0000615,0.00005563,0.0000564
2020-06-02,0.0000564,0.00006011,0.00005637,0.0000595
2020-06-03,0.0000595,0.00006229,0.00005886,0.00006081
2020-06-04,0.00006081,0.00006141,0.00005852,0.00005974
2020-06-05,0.00005974,0.00007188,0.00005864,0.00006843
2020-06-06,0.00006848,0.0000685,0.0000636,0.0000646
2020-06-07,0.00006461,0.00006466,0.00006235,0.00006288
2020-06-08,0.00006288,0.00007057,0.00006258,0.00006839
2020-06-09,0.00006832,0.00006832,0.0000642,0.00006726
2020-06-10,0.00006726,0.00006852,0.00006398,0.000065
2020-06-11,0.00006511,0.00006576,0.00006123,0.00006145
2020-06-12,0.00006166,0.00006484,0.00006085,0.00006274
2020-06-13,0.00006279,0.00006453,0.0000622,0.00006447
2020-06-14,0.00006447,0.00006541,0.00006183,0.00006258
2020-06-15,0.00006256,0.00006299,0.00005992,0.00006049
2020-06-16,0.00006048,0.00006169,0.00006,0.00006134
2020-06-17,0.00006137,0.00006228,0.00006054,0.00006177
2020-06-18,0.00006177,0.0000692,0.00006147,0.00006631
2020-06-19,0.00006611,0.00009095,0.00006589,0.00007376
2020-06-20,0.00007383,0.00007446,0.000067,0.00006933
2020-06-21,0.00006927,0.00008055,0.00006779,0.0000725
2020-06-22,0.00007249,0.00007798,0.00006852,0.0000753
2020-06-23,0.00007554,0.00007999,0.0000725,0.00007356
2020-06-24,0.00007358,0.0000869,0.000072,0.00007908
2020-06-25,0.0000793,0.00008157,0.00007562,0.00007728
2020-06-26,0.00007728,0.00008321,0.00007444,0.00008053
2020-06-27,0.0000806,0.00008182,0.00007399,0.00007911
2020-06-28,0.00007911,0.00009259,0.00007605,0.00008758
2020-06-29,0.00008754,0.00009799,0.00008453,0.00009298
2020-06-30,0.00009278,0.000115,0.00009253,0.00009415
2020-07-01,0.00009403,0.00009937,0.00008838,0.00009011
2020-07-02,0.0000901,0.00009085,0.00008306,0.00008549
2020-07-03,0.00008516,0.00008689,0.00008215,0.00008483
2020-07-04,0.00008494,0.00009116,0.00008392,0.0000855
2020-07-05,0.00008551,0.00008565,0.00006881,0.00007635
2020-07-06,0.00007635,0.00007792,0.0000743,0.00007601
2020-07-07,0.000076,0.000085,0.00007555,0.00008135
2020-07-08,0.00008131,0.00008997,0.0000737,0.00008411
2020-07-09,0.00008449,0.00009586,0.00008155,0.00009185
2020-07-10,0.00009189,0.000103,0.00009087,0.00009817
2020-07-11,0.00009831,0.00010023,0.0000923,0.0000999
2020-07-12,0.0000999,0.0001236,0.00009831,0.00010935
2020-07-13,0.00010943,0.00014194,0.00010856,0.00012679
2020-07-14,0.00012756,0.0001375,0.00012154,0.00012394
2020-07-15,0.000124,0.000154,0.000123,0.00013926
2020-07-16,0.00013995,0.000152,0.00009,0.0000955
2020-07-17,0.0000955,0.0001145,0.00008433,0.00010685
2020-07-18,0.00010685,0.00010928,0.00010172,0.00010576
2020-07-19,0.00010516,0.00010636,0.000098,0.00010041
2020-07-20,0.00010041,0.00010041,0.0000927,0.00009559
2020-07-21,0.0000951,0.00011,0.00009375,0.00010438
2020-07-22,0.00010391,0.000119,0.00010391,0.00010967
2020-07-23,0.00010932,0.000117,0.00010438,0.00010936
2020-07-24,0.00010972,0.00010988,0.0001,0.00010458
2020-07-25,0.00010458,0.0001485,0.00010452,0.00012934
2020-07-26,0.00012889,0.00016479,0.00012724,0.0001579
2020-07-27,0.00015784,0.00019906,0.00015304,0.0001622
2020-07-28,0.00016267,0.00016984,0.00014523,0.0001636
2020-07-29,0.00016353,0.00019269,0.00014123,0.00014978
2020-07-30,0.00014962,0.00016445,0.00014701,0.00015172
2020-07-31,0.00015172,0.00015175,0.0001333,0.000135
2020-08-01,0.00013523,0.00014673,0.00012949,0.00013013
2020-08-02,0.00013013,0.00015788,0.00012673,0.00015691
2020-08-03,0.00015677,0.000165,0.00014925,0.00015943
2020-08-04,0.00015947,0.00017511,0.00015881,0.00016732
2020-08-05,0.00016732,0.00016966,0.000145,0.0001488
2020-08-06,0.0001489,0.00018997,0.0001475,0.00018632
2020-08-07,0.00018632,0.00018663,0.000165,0.0001795
2020-08-08,0.0001795,0.0002199,0.00017408,0.00021015
2020-08-09,0.00021048,0.00023307,0.000198,0.00022735
2020-08-10,0.00022773,0.000287,0.0002099,0.00026302
2020-08-11,0.00026301,0.00030446,0.0002302,0.00028856
2020-08-12,0.00028986,0.00034157,0.00027155,0.0003245
2020-08-13,0.00032444,0.000358,0.0002995,0.00031625
2020-08-14,0.00031614,0.00032072,0.00028126,0.0002904
2020-08-15,0.0002904,0.00031403,0.000266,0.00026777
2020-08-16,0.00026778,0.00029379,0.00026,0.00028365
2020-08-17,0.00028365,0.00028574,0.0002488,0.00025311
2020-08-18,0.00025307,0.000309,0.000235,0.00028013
2020-08-19,0.00027947,0.00029136,0.000237,0.00024662
2020-08-20,0.00024647,0.00029066,0.00024615,0.00027059
2020-08-21,0.00027016,0.00028893,0.00024779,0.00025399
2020-08-22,0.00025359,0.00027613,0.00023524,0.00025867
2020-08-23,0.00025857,0.00029225,0.0002574,0.00027932
2020-08-24,0.00027985,0.00030742,0.00027357,0.00028414
2020-08-25,0.00028459,0.00029089,0.00026338,0.00028744
2020-08-26,0.00028693,0.00033192,0.00028063,0.00031025
2020-08-27,0.00031025,0.0003385,0.00027354,0.00030451
2020-08-28,0.0003045,0.000375,0.0003045,0.00034775
2020-08-29,0.00034836,0.00035777,0.00032704,0.00034504
2020-08-30,0.00034506,0.00040669,0.00033972,0.0003774
2020-08-31,0.00037736,0.00041845,0.00035292,0.00040702
2020-09-01,0.00040702,0.00042282,0.00036166,0.00036304
2020-09-02,0.00036239,0.00036805,0.00032503,0.000366
2020-09-03,0.000366,0.00039136,0.00033254,0.00034408
2020-09-04,0.00034488,0.00037296,0.00031034,0.00033838
2020-09-05,0.00033794,0.00035044,0.0002055,0.00025711
2020-09-06,0.00025663,0.00030806,0.0002232,0.00030109
2020-09-07,0.00030109,0.00031172,0.00024001,0.00028269
2020-09-08,0.00028254,0.0002833,0.0002378,0.00024351
2020-09-09,0.00024372,0.00037941,0.000238,0.0003533
2020-09-10,0.0003526,0.0003729,0.00032188,0.00033644
2020-09-11,0.0003358,0.00033772,0.00029743,0.00032731
2020-09-12,0.00032722,0.0003314,0.00030432,0.00031948
2020-09-13,0.00031958,0.00032945,0.00029101,0.00031576
2020-09-14,0.00031528,0.00033968,0.00029968,0.0003058
2020-09-15,0.0003058,0.00030881,0.00026898,0.00027199
2020-09-16,0.00027199,0.00027433,0.00022293,0.00023145
2020-09-17,0.00023118,0.00026851,0.00021741,0.0002635
2020-09-18,0.00026351,0.00028998,0.00025042,0.00028471
2020-09-19,0.00028414,0.00029789,0.000269,0.000273
2020-09-20,0.00027301,0.00027431,0.00025028,0.00026233
2020-09-21,0.00026243,0.0002775,0.00023161,0.00026557
2020-09-22,0.00026474,0.00028662,0.000255,0.00027666
2020-09-23,0.00027751,0.00029319,0.00026232,0.00027825
2020-09-24,0.0002785,0.0003055,0.00027236,0.00029247
2020-09-25,0.00029321,0.000305,0.00027444,0.00029859
2020-09-26,0.0002987,0.0003002,0.00028251,0.0002919
2020-09-27,0.0002919,0.00029648,0.00028115,0.00029335
2020-09-28,0.000293,0.00029525,0.00027,0.00027593
2020-09-29,0.00027629,0.00028219,0.00026663,0.00027199
2020-09-30,0.00027182,0.00027753,0.00026472,0.00026872
2020-10-01,0.00026911,0.00027581,0.0002535,0.00026971
2020-10-02,0.00026962,0.000273,0.00023233,0.00024833
2020-10-03,0.00024767,0.00025323,0.00024089,0.00024135
2020-10-04,0.00024135,0.0002439,0.00022809,0.00023626
2020-10-05,0.00023627,0.00024878,0.00023066,0.00024558
2020-10-06,0.00024559,0.00024677,0.00020095,0.0002051
2020-10-07,0.0002051,0.00022652,0.00019726,0.00021568
2020-10-08,0.00021569,0.000225,0.00019077,0.00021648
2020-10-09,0.00021637,0.0002397,0.00021186,0.00022927
2020-10-10,0.00022885,0.00023067,0.00021157,0.00021293
2020-10-11,0.00021253,0.00021621,0.00020676,0.00021302
2020-10-12,0.00021305,0.000233,0.00021257,0.00022423
2020-10-13,0.00022341,0.00022424,0.00020553,0.00021012
2020-10-14,0.0002105,0.0002132,0.0001974,0.00020259
2020-10-15,0.00020271,0.00020601,0.00019413,0.00019737
2020-10-16,0.00019702,0.00019906,0.000187,0.00018922
2020-10-17,0.00018879,0.00019927,0.0001867,0.00019404
2020-10-18,0.00019394,0.000197,0.00018991,0.00019231
2020-10-19,0.00019232,0.00019236,0.00017465,0.00017518
2020-10-20,0.00017522,0.00017997,0.000155,0.00015864
2020-10-21,0.00015859,0.00016619,0.00014283,0.00014756
2020-10-22,0.00014768,0.00016166,0.00014346,0.00015095
2020-10-23,0.00015096,0.00015341,0.000144,0.00015171
2020-10-24,0.00015191,0.00015192,0.00014404,0.00014609
2020-10-25,0.00014609,0.00014788,0.00013531,0.00013766
2020-10-26,0.00013759,0.00014184,0.00012653,0.00012858
2020-10-27,0.00012837,0.00013083,0.0001212,0.00012519
2020-10-28,0.00012525,0.00012581,0.00010652,0.00011447
2020-10-29,0.0001145,0.00011854,0.00010544,0.00010674
2020-10-30,0.00010663,0.00010877,0.00010128,0.00010629
2020-10-31,0.00010605,0.00011273,0.0001053,0.00011231
2020-11-01,0.00011233,0.00011891,0.00011015,0.0001168
2020-11-02,0.00011667,0.0001194,0.00010824,0.00010893
2020-11-03,0.00010873,0.00010938,0.0001002,0.00010063
2020-11-04,0.00010059,0.00010201,0.00009177,0.00009823
2020-11-05,0.00009815,0.0001003,0.00008688,0.00008984
2020-11-06,0.00008989,0.00012512,0.00008978,0.00012219
2020-11-07,0.00012239,0.00016127,0.00012239,0.00013645
2020-11-08,0.00013651,0.00014763,0.00013108,0.00013938
2020-11-09,0.00013912,0.00014116,0.00013042,0.00013286
2020-11-10,0.00013286,0.0001515,0.0001317,0.00014828
2020-11-11,0.00014794,0.00014933,0.00012602,0.00012769
2020-11-12,0.00012768,0.00013152,0.00011428,0.00011715
2020-11-13,0.00011713,0.00012815,0.00011566,0.00012342
2020-11-14,0.00012359,0.00012599,0.00011863,0.00011946
2020-11-15,0.00011936,0.00013822,0.00011923,0.00012809
2020-11-16,0.00012788,0.0001459,0.00012493,0.00013563
2020-11-17,0.00013562,0.00013979,0.00011976,0.00012446
2020-11-18,0.0001247,0.00012551,0.000112,0.00011895
2020-11-19,0.00011916,0.00012281,0.00011355,0.000117
2020-11-20,0.00011684,0.00012274,0.00011217,0.00011254
2020-11-21,0.00011256,0.00013383,0.00011002,0.00012739
2020-11-22,0.00012769,0.00012959,0.00011461,0.00011703
2020-11-23,0.00011697,0.00012666,0.00011656,0.00012384
2020-11-24,0.00012409,0.0001338,0.00011129,0.00011899
2020-11-25,0.00011901,0.0001323,0.00011563,0.00012122
2020-11-26,0.0001212,0.00012291,0.00010009,0.00011146
2020-11-27,0.00011146,0.00011548,0.00010733,0.00010863
2020-11-28,0.00010881,0.00011181,0.00010527,0.0001064
2020-11-29,0.00010641,0.00010761,0.00010331,0.00010531
2020-11-30,0.00010553,0.00010732,0.00009863,0.00009987
2020-12-01,0.00009983,0.00011004,0.00009897,0.00010506
2020-12-02,0.00010506,0.00011663,0.00010484,0.00011016
2020-12-03,0.00011019,0.00011796,0.00010712,0.00010806
2020-12-04,0.00010811,0.00010849,0.00009856,0.00009942
2020-12-05,0.00009924,0.00010368,0.00009831,0.00010349
2020-12-06,0.00010347,0.00010365,0.00009507,0.00009544
2020-12-07,0.00009542,0.00009875,0.00009486,0.00009557
2020-12-08,0.00009539,0.00009539,0.00008796,0.0000907
2020-12-09,0.00009086,0.0000916,0.00008479,0.00008943
2020-12-10,0.00008959,0.00008996,0.00008521,0.00008597
2020-12-11,0.00008601,0.00008631,0.00007973,0.00007973
2020-12-12,0.00007971,0.0000834,0.00007913,0.00007925
2020-12-13,0.00007926,0.00008542,0.00007751,0.00008182
2020-12-14,0.00008186,0.00008464,0.00007962,0.00008256
2020-12-15,0.0000827,0.00009348,0.00008158,0.0000905
2020-12-16,0.00009046,0.00009064,0.0000796,0.00008346
2020-12-17,0.00008338,0.00008462,0.00007095,0.00007358
2020-12-18,0.0000735,0.00007401,0.00007181,0.0000735
2020-12-19,0.0000735,0.00007703,0.00006974,0.0000699
2020-12-20,0.00007011,0.00007138,0.00006504,0.00006644
2020-12-21,0.00006663,0.000069,0.00006543,0.00006766
2020-12-22,0.0000676,0.00006829,0.00006224,0.00006264
2020-12-23,0.00006256,0.00006321,0.00004501,0.0000516
2020-12-24,0.00005163,0.00005869,0.00005069,0.00005733
2020-12-25,0.00005739,0.00006196,0.00005628,0.00005865
2020-12-26,0.00005849,0.00005891,0.00004971,0.0000501
2020-12-27,0.00005,0.00005205,0.00004516,0.0000496
2020-12-28,0.00004961,0.00005717,0.00004841,0.00005609
2020-12-29,0.0000561,0.00006424,0.00005417,0.00006099
2020-12-30,0.00006098,0.00006149,0.00005285,0.00005309
2020-12-31,0.0000531,0.00005431,0.00005016,0.00005216
2021-01-01,0.00005205,0.00006356,0.00005201,0.00006285
2021-01-02,0.00006271,0.00006488,0.00005342,0.000056
2021-01-03,0.00005583,0.00007009,0.00005503,0.0000662
2021-01-04,0.0000662,0.00007889,0.0000618,0.000078
2021-01-05,0.00007789,0.00007791,0.00006251,0.00006353
2021-01-06,0.00006365,0.00006395,0.0000501,0.00005273
2021-01-07,0.00005272,0.00007,0.00005213,0.00005999
2021-01-08,0.00006016,0.00009267,0.00005695,0.00007945
2021-01-09,0.00007934,0.00009098,0.00007341,0.00008431
2021-01-10,0.00008431,0.00009356,0.00008043,0.00009033
2021-01-11,0.00009037,0.0001,0.00008229,0.00008754
2021-01-12,0.00008761,0.0001098,0.000087,0.00010662
2021-01-13,0.00010668,0.00010784,0.00009061,0.00009448
2021-01-14,0.00009419,0.00009441,0.00008055,0.00008386
2021-01-15,0.00008401,0.00009046,0.000083,0.00008825
2021-01-16,0.00008828,0.0001012,0.00008728,0.00009521
2021-01-17,0.00009529,0.00011192,0.00009278,0.00010659
2021-01-18,0.00010683,0.00011484,0.00010079,0.00010348
2021-01-19,0.00010349,0.00011098,0.00009917,0.00010125
2021-01-20,0.00010124,0.00010661,0.00009738,0.0001048
2021-01-21,0.00010461,0.000111,0.00009623,0.00009685
2021-01-22,0.000097,0.00011,0.00008608,0.00010102
2021-01-23,0.00010103,0.00011143,0.00010103,0.00010916
2021-01-24,0.00010932,0.00011701,0.00010853,0.00011261
2021-01-25,0.00011253,0.00011838,0.0001,0.00011471
2021-01-26,0.00011506,0.00012775,0.00011497,0.00012447
2021-01-27,0.00012446,0.00012446,0.00011647,0.00012117
2021-01-28,0.00012101,0.000125,0.000113,0.00011422
2021-01-29,0.00011424,0.00011456,0.000095,0.00011183
2021-01-30,0.0001119,0.00012459,0.00011073,0.00012349
2021-01-31,0.00012349,0.00014334,0.00012169,0.00012835
2021-02-01,0.00012866,0.00013764,0.00011962,0.00013753
2021-02-02,0.00013763,0.00015643,0.00013128,0.0001475
2021-02-03,0.00014743,0.000155,0.00013761,0.00015284
2021-02-04,0.00015222,0.00017514,0.00014911,0.00017371
2021-02-05,0.0001738,0.00018751,0.00017301,0.00017463
2021-02-06,0.00017463,0.00017718,0.0001393,0.00015616
2021-02-07,0.00015648,0.00017857,0.00015081,0.00017251
2021-02-08,0.0001724,0.0001975,0.000145,0.00016923
2021-02-09,0.0001695,0.0001852,0.00016221,0.00016785
2021-02-10,0.00016814,0.00020269,0.00016252,0.00020269
2021-02-11,0.00020259,0.00021369,0.0001842,0.000192
2021-02-12,0.00019184,0.00020875,0.00018599,0.00019459
2021-02-13,0.00019449,0.00019973,0.00018375,0.00018538
2021-02-14,0.00018546,0.0001947,0.00017262,0.00017924
2021-02-15,0.00017939,0.00019703,0.00016645,0.00018466
2021-02-16,0.00018466,0.00018552,0.00016401,0.00016871
2021-02-17,0.00016863,0.00016896,0.00015,0.00015809
2021-02-18,0.00015808,0.00018097,0.00015733,0.00017427
2021-02-19,0.00017427,0.00022841,0.00016725,0.00020549
2021-02-20,0.00020547,0.0002131,0.00017622,0.00017861
2021-02-21,0.00017865,0.00020352,0.00017689,0.00019289
2021-02-22,0.00019293,0.00027286,0.00017627,0.00026658
2021-02-23,0.00026658,0.00033302,0.00024988,0.00031111
2021-02-24,0.00031134,0.0003649,0.00030635,0.00034605
2021-02-25,0.00034582,0.00035204,0.000288,0.00029494
2021-02-26,0.00029403,0.00032679,0.0002887,0.00029354
2021-02-27,0.00029341,0.00031356,0.00028329,0.00028636
2021-02-28,0.00028588,0.00030941,0.000262,0.00029005
2021-03-01,0.00028966,0.00032045,0.00028705,0.00030275
2021-03-02,0.00030213,0.00030887,0.00028275,0.00028727
2021-03-03,0.00028813,0.00029048,0.00027301,0.00027959
2021-03-04,0.00027994,0.00028071,0.00026443,0.00026998
2021-03-05,0.00026984,0.00027354,0.000253,0.00025711
2021-03-06,0.00025711,0.00027441,0.00025,0.00026697
2021-03-07,0.00026685,0.0002975,0.00025173,0.00027147
2021-03-08,0.00027092,0.0002733,0.00025557,0.0002598
2021-03-09,0.00025973,0.00027606,0.0002507,0.00027079
2021-03-10,0.00027069,0.00027413,0.00025055,0.00025457
2021-03-11,0.00025419,0.0002825,0.00024789,0.00027842
2021-03-12,0.0002779,0.0002905,0.00024892,0.00025424
2021-03-13,0.0002545,0.00025534,0.00024186,0.00024987
2021-03-14,0.0002504,0.00025102,0.00023955,0.00024544
2021-03-15,0.00024537,0.00025753,0.00023501,0.00025435
2021-03-16,0.00025506,0.00025874,0.00023911,0.00023959
2021-03-17,0.00023981,0.00025347,0.0002378,0.00024136
2021-03-18,0.00024102,0.00025114,0.00023656,0.00024692
2021-03-19,0.00024689,0.00024944,0.00023901,0.00024352
2021-03-20,0.00024398,0.00025245,0.0002416,0.00024384
2021-03-21,0.00024384,0.00025043,0.0002416,0.00024981
2021-03-22,0.00025,0.00028939,0.00024902,0.00027311
2021-03-23,0.00027399,0.00027734,0.000259,0.0002605
2021-03-24,0.00026092,0.00027347,0.00025422,0.00025993
2021-03-25,0.00025965,0.00025972,0.00024666,0.00025299
2021-03-26,0.00025299,0.00026975,0.00023606,0.00026831
2021-03-27,0.00026812,0.00029975,0.00026571,0.00029483
2021-03-28,0.00029484,0.00034822,0.0002919,0.00032406
2021-03-29,0.00032405,0.00034048,0.00031288,0.00032844
2021-03-30,0.00032837,0.00036104,0.0003235,0.0003246
2021-03-31,0.00032464,0.00033857,0.00031162,0.00033011
2021-04-01,0.00033019,0.00034567,0.00032143,0.00032417
2021-04-02,0.00032446,0.00033566,0.00030936,0.0003351
2021-04-03,0.00033511,0.00041308,0.00033416,0.00039411
2021-04-04,0.00039386,0.00044,0.0003894,0.00040857
2021-04-05,0.00040856,0.00042975,0.00038745,0.00038917
2021-04-06,0.00038878,0.00043711,0.000379,0.00043259
2021-04-07,0.00043302,0.00048617,0.00041079,0.00047293
2021-04-08,0.00047449,0.00049116,0.00044025,0.00046423
2021-04-09,0.00046363,0.000498,0.00045984,0.00047546
2021-04-10,0.00047509,0.00048545,0.00044,0.00044807
2021-04-11,0.00044832,0.00048067,0.0004291,0.00046454
2021-04-12,0.00046445,0.0005,0.00044538,0.00047752
2021-04-13,0.00047675,0.00047931,0.00041926,0.00043138
2021-04-14,0.00043188,0.00043285,0.00039391,0.00041963
2021-04-15,0.00041965,0.00044657,0.00040487,0.00043992
2021-04-16,0.00043983,0.000449,0.00041039,0.00041273
2021-04-17,0.00041273,0.00043938,0.00040826,0.00041438
2021-04-18,0.00041438,0.0005855,0.00038579,0.00057574
2021-04-19,0.00057615,0.00064902,0.000527,0.00056545
2021-04-20,0.00056705,0.00059458,0.00052842,0.00056155
2021-04-21,0.00056188,0.00063888,0.00054825,0.00060599
2021-04-22,0.00060601,0.00079499,0.00059156,0.00075214
2021-04-23,0.00075274,0.00079999,0.00065777,0.00072856
2021-04-24,0.00072978,0.00085739,0.00069724,0.000818
2021-04-25,0.00081649,0.001,0.00081373,0.00096689
2021-04-26,0.00096672,0.00098,0.00080753,0.00081216
2021-04-27,0.00081216,0.000865,0.00077778,0.00078465
2021-04-28,0.00078442,0.00085868,0.00075422,0.00081745
2021-04-29,0.00081758,0.0008389,0.00077791,0.000794
2021-04-30,0.00079365,0.0008111,0.00073913,0.00074141
2021-05-01,0.00074133,0.00086386,0.0007223,0.00085809
2021-05-02,0.00085822,0.00086477,0.00080914,0.0008297
2021-05-03,0.00082972,0.00084451,0.00079049,0.00080388
2021-05-04,0.00080342,0.00092,0.00077768,0.0008014
2021-05-05,0.0008014,0.00082899,0.00076232,0.00078294
2021-05-06,0.00078294,0.00078333,0.00075173,0.00077188
2021-05-07,0.00077099,0.000801,0.000741,0.00075251
2021-05-08,0.0007533,0.00079651,0.00072638,0.0007751
2021-05-09,0.00077507,0.00080324,0.00074133,0.00076139
2021-05-10,0.00076,0.00078674,0.00072803,0.00076869
2021-05-11,0.00076864,0.00079999,0.00072525,0.00078615
2021-05-12,0.00078661,0.00091738,0.00076219,0.00087594
2021-05-13,0.00087457,0.0009066,0.00079299,0.00082629
2021-05-14,0.00082624,0.00087616,0.00081435,0.00085614
2021-05-15,0.00085718,0.0009415,0.00082265,0.00092874
2021-05-16,0.00093,0.00107834,0.00090947,0.00100974
2021-05-17,0.00100979,0.001212,0.00098797,0.00107402
2021-05-18,0.00107392,0.00134,0.00102541,0.00130717
2021-05-19,0.00130669,0.00135,0.000895,0.00095469
2021-05-20,0.00095347,0.0013133,0.00090846,0.001094
2021-05-21,0.00109552,0.00114677,0.00096327,0.0010447
2021-05-22,0.00104292,0.00106072,0.00083259,0.00083411
2021-05-23,0.00083428,0.00084929,0.00061209,0.0007072
2021-05-24,0.0007072,0.00083,0.00070368,0.00080747
2021-05-25,0.0008086,0.00084127,0.0007,0.00078159
2021-05-26,0.00078253,0.00092771,0.00076283,0.0009031
2021-05-27,0.00090257,0.00091799,0.00082971,0.00087623
2021-05-28,0.00087623,0.00089084,0.00080269,0.00081275
2021-05-29,0.00081264,0.00082189,0.00075745,0.00079243
2021-05-30,0.00079246,0.00082726,0.00075789,0.00080113
2021-05-31,0.00080113,0.0008885,0.00079242,0.00088039
2021-06-01,0.00087956,0.00089056,0.00083296,0.00084348
2021-06-02,0.00084364,0.00092122,0.00084096,0.00090477
2021-06-03,0.00090484,0.00107151,0.00090228,0.00100815
2021-06-04,0.00100916,0.00105327,0.000948,0.00101421
2021-06-05,0.00101503,0.00115182,0.00101016,0.00111748
2021-06-06,0.00111667,0.00119857,0.00109312,0.00117944
2021-06-07,0.00117854,0.00121997,0.00113458,0.00113915
2021-06-08,0.00113995,0.00126462,0.00107764,0.00123613
2021-06-09,0.00123613,0.00129203,0.00111864,0.00112438
2021-06-10,0.00112357,0.00115536,0.00107819,0.0011204
2021-06-11,0.0011204,0.0011204,0.00095343,0.00096838
2021-06-12,0.00096844,0.00104767,0.00094491,0.00102645
2021-06-13,0.00102645,0.00104164,0.00096565,0.00099263
2021-06-14,0.00099246,0.00100011,0.00092657,0.00098031
2021-06-15,0.00097992,0.00103498,0.00097693,0.00098469
2021-06-16,0.00098427,0.00106138,0.00096,0.00103542
2021-06-17,0.00103571,0.00105,0.001013,0.00103025
2021-06-18,0.00103143,0.00103815,0.00097366,0.00102821
2021-06-19,0.00102769,0.00104141,0.00098602,0.00099098
2021-06-20,0.00099117,0.00100188,0.00093703,0.00099039
2021-06-21,0.00099035,0.00099705,0.00082731,0.00084178
2021-06-22,0.0008416,0.00087503,0.0007,0.0008291
2021-06-23,0.0008291,0.00094645,0.0008077,0.00091653
2021-06-24,0.00091535,0.00094645,0.00087119,0.00089977
2021-06-25,0.00089975,0.00094087,0.0008805,0.00090656
2021-06-26,0.0009069,0.000939,0.00087781,0.00091955
2021-06-27,0.0009204,0.00093686,0.00090117,0.00091956
2021-06-28,0.00091823,0.00098699,0.00090355,0.00095644
2021-06-29,0.00095745,0.00098699,0.0009392,0.00094583
2021-06-30,0.00094572,0.00102411,0.00091498,0.00101389
2021-07-01,0.00101374,0.0010244,0.00096946,0.00099323
2021-07-02,0.00099321,0.00100765,0.00095778,0.00100661
2021-07-03,0.00100625,0.00102075,0.00098899,0.00099458
2021-07-04,0.00099457,0.00100254,0.00096703,0.00097166
2021-07-05,0.00097164,0.00100105,0.00096824,0.00097602
2021-07-06,0.00097688,0.00100856,0.00097224,0.00100013
2021-07-07,0.0010001,0.0011026,0.00099456,0.00108293
2021-07-08,0.00108293,0.00110416,0.001004,0.00100843
2021-07-09,0.00100843,0.00102578,0.000978,0.00098562
2021-07-10,0.00098507,0.00100222,0.00093886,0.00094624
2021-07-11,0.00094576,0.00095847,0.00093399,0.00093967
2021-07-12,0.00093907,0.00094844,0.00091169,0.00093095
2021-07-13,0.00092952,0.00093882,0.00088958,0.00089065
2021-07-14,0.00089037,0.00095597,0.00086308,0.00095573
2021-07-15,0.00095574,0.00095577,0.00088974,0.00089527
2021-07-16,0.00089578,0.00092132,0.000835,0.00083709
2021-07-17,0.00083736,0.00087519,0.00083054,0.00085009
2021-07-18,0.00085009,0.00086637,0.00083685,0.0008391
2021-07-19,0.0008392,0.00083932,0.0007822,0.0007943
2021-07-20,0.00079519,0.00080772,0.00075,0.00078789
2021-07-21,0.00078789,0.00085109,0.00077331,0.0008303
2021-07-22,0.00083028,0.0008694,0.0008133,0.00085738
2021-07-23,0.00085738,0.00087786,0.00082283,0.00084859
2021-07-24,0.00084795,0.00087053,0.00082852,0.00083559
2021-07-25,0.00083592,0.00083878,0.00077831,0.00079792
2021-07-26,0.0007982,0.00080784,0.00074,0.00075762
2021-07-27,0.00075651,0.00076546,0.00071,0.00071262
2021-07-28,0.00071272,0.00071761,0.00068878,0.00069702
2021-07-29,0.00069717,0.00080386,0.00069056,0.00078113
2021-07-30,0.00078102,0.00082706,0.00076444,0.0007664
2021-07-31,0.0007664,0.00089,0.00076001,0.00088655
2021-08-01,0.0008857,0.00088872,0.00083849,0.00085769
2021-08-02,0.00085678,0.00089245,0.00084255,0.00084739
2021-08-03,0.00084774,0.0009338,0.00084357,0.00089251
2021-08-04,0.00089245,0.00091947,0.00088099,0.00090077
2021-08-05,0.00090052,0.00101,0.00089873,0.0009135
2021-08-06,0.00091395,0.00095915,0.00088771,0.000922
2021-08-07,0.00092211,0.00092698,0.00086794,0.00088519
2021-08-08,0.00088542,0.00088821,0.0008494,0.00085953
2021-08-09,0.00085953,0.00088494,0.00082724,0.0008357
2021-08-10,0.00083526,0.00091126,0.00083389,0.00089242
2021-08-11,0.00089242,0.00093727,0.00089229,0.00091463
2021-08-12,0.00091463,0.00094,0.00089249,0.00092495
2021-08-13,0.00092532,0.00096157,0.00091687,0.00093858
2021-08-14,0.00093852,0.00096,0.00091859,0.00093739
2021-08-15,0.00093738,0.00118176,0.00093171,0.00113935
2021-08-16,0.00113839,0.00149,0.00110891,0.00135106
2021-08-17,0.00135136,0.00163799,0.00132123,0.00143631
2021-08-18,0.00143524,0.00177464,0.00135198,0.00162433
2021-08-19,0.0016247,0.00167226,0.00152545,0.00155608
2021-08-20,0.00155715,0.00163728,0.001497,0.00159574
2021-08-21,0.00159421,0.00167082,0.00147532,0.00151124
2021-08-22,0.00151236,0.00158566,0.00147313,0.00147807
2021-08-23,0.00147739,0.00154819,0.00142931,0.00152795
2021-08-24,0.00152789,0.001612,0.00143,0.0014799
2021-08-25,0.00148028,0.0015018,0.00139489,0.00147042
2021-08-26,0.00146934,0.0016888,0.00142085,0.0015978
2021-08-27,0.0015976,0.0018156,0.0015628,0.0017942
2021-08-28,0.0017937,0.0020065,0.00175,0.0019677
2021-08-29,0.001967,0.0019897,0.001875,0.0019336
2021-08-30,0.0019316,0.0024067,0.0019254,0.002347
2021-08-31,0.0023474,0.0027117,0.0021978,0.002299
2021-09-01,0.0022978,0.0025039,0.0022607,0.0022678
2021-09-02,0.0022685,0.0026622,0.0022184,0.0026031
2021-09-03,0.0026047,0.0029746,0.0026025,0.0029281
2021-09-04,0.0029274,0.003,0.0027314,0.0027835
2021-09-05,0.0027825,0.0029045,0.0026646,0.0027424
2021-09-06,0.0027436,0.0031903,0.0026815,0.0031198
2021-09-07,0.0031196,0.0040631,0.003015,0.0036994
2021-09-08,0.0037046,0.0042872,0.0032967,0.0041467
2021-09-09,0.0041467,0.00467,0.00389,0.0040493
2021-09-10,0.0040499,0.0042156,0.0037297,0.0040009
2021-09-11,0.0040054,0.00426,0.0039,0.0039664
2021-09-12,0.003965,0.0039846,0.0037756,0.0037857
2021-09-13,0.0037857,0.0038904,0.0034011,0.0037769
2021-09-14,0.0037734,0.0037935,0.0030688,0.0033702
2021-09-15,0.0033697,0.0035543,0.00324,0.0033005
2021-09-16,0.0032997,0.0033707,0.0031314,0.0031887
2021-09-17,0.00319,0.0032066,0.0028322,0.003118
2021-09-18,0.00312,0.0035598,0.003,0.0035035
2021-09-19,0.0035032,0.0035545,0.0032049,0.0032348
2021-09-20,0.0032345,0.00333,0.0030615,0.0030864
2021-09-21,0.0030865,0.003343,0.0029165,0.0030499
2021-09-22,0.003052,0.003445,0.0030007,0.0033984
2021-09-23,0.0033993,0.003461,0.00329,0.0033412
2021-09-24,0.0033414,0.0033689,0.003135,0.0032501
2021-09-25,0.0032506,0.0033729,0.0031493,0.0031894
2021-09-26,0.0031885,0.0032398,0.0030326,0.0031426
2021-09-27,0.0031431,0.0033963,0.003114,0.0032365
2021-09-28,0.0032353,0.0032687,0.0031017,0.0032222
2021-09-29,0.0032229,0.003329,0.0031866,0.0032574
2021-09-30,0.0032565,0.0032815,0.0031289,0.0032264
2021-10-01,0.0032262,0.0034673,0.0030924,0.0033563
2021-10-02,0.0033568,0.0036457,0.0032878,0.0035481
2021-10-03,0.0035473,0.0037034,0.0035154,0.0035874
2021-10-04,0.0035886,0.0036134,0.0033797,0.0033967
2021-10-05,0.0033958,0.0034337,0.0031494,0.0031981
2021-10-06,0.003198,0.0032238,0.0027645,0.0027808
2021-10-07,0.0027821,0.0029826,0.00276,0.0028668
2021-10-08,0.0028682,0.0030997,0.0028221,0.0029443
2021-10-09,0.0029444,0.0029559,0.002837,0.0028534
2021-10-10,0.0028534,0.0028581,0.0026731,0.0026995
2021-10-11,0.0026991,0.0027267,0.002454,0.0025192
2021-10-12,0.0025197,0.0027532,0.0024236,0.0027208
2021-10-13,0.0027208,0.0027718,0.0025225,0.0025795
2021-10-14,0.0025808,0.0027053,0.0025312,0.0026165
2021-10-15,0.0026152,0.00279,0.0025244,0.0026449
2021-10-16,0.0026458,0.002674,0.0025498,0.0025879
2021-10-17,0.002588,0.0027602,0.0025755,0.0026021
2021-10-18,0.0026022,0.0026151,0.0025075,0.0025335
2021-10-19,0.0025337,0.0025534,0.0023835,0.0024238
2021-10-20,0.0024236,0.0026804,0.0024217,0.0026781
2021-10-21,0.0026772,0.0030721,0.0026772,0.0030624
2021-10-22,0.0030632,0.0034881,0.0030119,0.003233
2021-10-23,0.0032347,0.0033449,0.0031643,0.0032265
2021-10-24,0.0032266,0.00336,0.0030981,0.0033233
2021-10-25,0.0033231,0.0034539,0.00321,0.003325
2021-10-26,0.0033258,0.0034043,0.0032731,0.0033129
2021-10-27,0.0033129,0.0033792,0.00305,0.0031575
2021-10-28,0.003158,0.00335,0.0031211,0.003226
2021-10-29,0.0032264,0.0033332,0.0031897,0.0032194
2021-10-30,0.0032189,0.0032262,0.0030615,0.0031636
2021-10-31,0.0031632,0.0033411,0.0030748,0.003302
2021-11-01,0.0033046,0.00342,0.0032733,0.003348
2021-11-02,0.003348,0.0035191,0.003213,0.0034939
2021-11-03,0.0034933,0.0039166,0.0034314,0.0038685
2021-11-04,0.0038701,0.0040833,0.0037796,0.0040231
2021-11-05,0.0040245,0.0040423,0.003773,0.0038735
2021-11-06,0.0038729,0.0042387,0.0038515,0.0042031
2021-11-07,0.0042046,0.0042066,0.0039101,0.0039453
2021-11-08,0.0039453,0.0039462,0.0036371,0.0036773
2021-11-09,0.003677,0.0037588,0.00354,0.0035722
2021-11-10,0.003571,0.0036632,0.0034313,0.0035936
2021-11-11,0.0035935,0.0037954,0.0035721,0.0036018
2021-11-12,0.0036028,0.0036643,0.0035073,0.0035635
2021-11-13,0.0035635,0.0037671,0.0035332,0.0037526
2021-11-14,0.0037523,0.0037534,0.0036158,0.0036425
2021-11-15,0.0036425,0.0037696,0.0036157,0.0037442
2021-11-16,0.0037439,0.0037589,0.0036413,0.0036469
2021-11-17,0.003648,0.0036823,0.0035304,0.0036274
2021-11-18,0.0036274,0.0036778,0.0032945,0.0034294
2021-11-19,0.0034304,0.0037772,0.0033964,0.0037073
2021-11-20,0.0037076,0.0037626,0.0035868,0.0036455
2021-11-21,0.0036453,0.00397,0.0035851,0.0039321
2021-11-22,0.0039339,0.0039532,0.00376,0.0038331
2021-11-23,0.0038318,0.0039221,0.0037358,0.0038537
2021-11-24,0.0038549,0.0038999,0.0035275,0.0036004
2021-11-25,0.0035994,0.003658,0.003515,0.0035602
2021-11-26,0.0035624,0.0036803,0.0033735,0.0035832
2021-11-27,0.0035825,0.0036378,0.0035148,0.0035219
2021-11-28,0.0035232,0.0035645,0.0033935,0.003505
2021-11-29,0.0035042,0.0036744,0.0034878,0.0035332
2021-11-30,0.0035332,0.0037522,0.0035322,0.0036634
2021-12-01,0.0036626,0.0040457,0.0036499,0.0040175
2021-12-02,0.0040196,0.004283,0.0039123,0.0041339
2021-12-03,0.0041364,0.0041847,0.0039127,0.0039495
2021-12-04,0.0039462,0.004302,0.0037236,0.0040832
2021-12-05,0.0040834,0.0041217,0.0037875,0.0039768
2021-12-06,0.0039794,0.0039978,0.0037203,0.0038377
2021-12-07,0.0038368,0.0039855,0.0037253,0.0037601
2021-12-08,0.0037594,0.0038569,0.0037122,0.0038567
2021-12-09,0.0038567,0.0038756,0.0037583,0.0038095
2021-12-10,0.0038096,0.003824,0.00355,0.0035528
2021-12-11,0.0035508,0.00356,0.0034422,0.0034846
2021-12-12,0.0034843,0.0035044,0.0034157,0.003452
2021-12-13,0.0034525,0.0034771,0.0032103,0.0033224
2021-12-14,0.0033229,0.0034137,0.0032211,0.0033375
2021-12-15,0.003335,0.0036971,0.0033123,0.0036528
2021-12-16,0.0036529,0.0038782,0.0035927,0.0037129
2021-12-17,0.0037145,0.003843,0.0036416,0.0038048
2021-12-18,0.0038046,0.0039298,0.0037466,0.0039032
2021-12-19,0.0039048,0.0039739,0.0038317,0.0038542
2021-12-20,0.0038556,0.0038629,0.0036825,0.0037071
2021-12-21,0.0037071,0.0037311,0.0036272,0.0036753
2021-12-22,0.0036755,0.0038121,0.0036363,0.0036692
2021-12-23,0.0036711,0.0037926,0.003652,0.00374
2021-12-24,0.0037396,0.0038599,0.003653,0.003747
2021-12-25,0.0037471,0.0038408,0.00374,0.0038279
2021-12-26,0.0038309,0.0039903,0.0038182,0.0038955
2021-12-27,0.0038963,0.00396,0.0038546,0.003859
2021-12-28,0.003859,0.0039762,0.0037044,0.0037283
2021-12-29,0.0037276,0.0037575,0.0036463,0.0036747
2021-12-30,0.003674,0.0037154,0.003624,0.0036598
2021-12-31,0.0036604,0.0037008,0.0036043,0.0036794
2022-01-01,0.0036774,0.0037739,0.0036563,0.0037533
2022-01-02,0.0037544,0.0037751,0.0037028,0.0037293
2022-01-03,0.0037293,0.0037331,0.0036425,0.0036605
2022-01-04,0.0036607,0.0036935,0.0036024,0.0036591
2022-01-05,0.0036602,0.0036692,0.0034033,0.0035561
2022-01-06,0.0035562,0.0035668,0.0034311,0.0034863
2022-01-07,0.0034881,0.0034938,0.003268,0.0032834
2022-01-08,0.0032825,0.0035188,0.0032671,0.0034108
2022-01-09,0.0034112,0.0034783,0.003329,0.0033644
2022-01-10,0.0033643,0.0034138,0.0032031,0.0032506
2022-01-11,0.0032487,0.0033509,0.0032072,0.0032811
2022-01-12,0.0032809,0.00351,0.0032535,0.003451
2022-01-13,0.0034506,0.003594,0.0034089,0.0034328
2022-01-14,0.0034339,0.0035077,0.0033762,0.0033937
2022-01-15,0.0033945,0.003436,0.00337,0.0034263
2022-01-16,0.0034271,0.0035099,0.0034054,0.0034352
2022-01-17,0.0034353,0.0034391,0.0032889,0.0033121
2022-01-18,0.003313,0.0033629,0.0032545,0.0033342
2022-01-19,0.0033364,0.0033624,0.0032206,0.0032444
2022-01-20,0.0032467,0.0033134,0.0031068,0.0031352
2022-01-21,0.0031361,0.0032867,0.0029608,0.0030803
2022-01-22,0.0030806,0.0031029,0.0025678,0.0026969
2022-01-23,0.0026959,0.0029193,0.0026732,0.0027519
2022-01-24,0.0027519,0.0027572,0.0024302,0.0025089
2022-01-25,0.0025063,0.0026782,0.0024312,0.0025616
2022-01-26,0.0025601,0.0026853,0.0024607,0.002503
2022-01-27,0.0025024,0.0025511,0.0023875,0.0024107
2022-01-28,0.0024108,0.002508,0.0023955,0.0024222
2022-01-29,0.0024227,0.002595,0.0024109,0.0025189
2022-01-30,0.00252,0.0025525,0.0024444,0.0024622
2022-01-31,0.0024619,0.0026266,0.0024205,0.0025863
2022-02-01,0.0025879,0.0029024,0.002581,0.0028426
2022-02-02,0.0028423,0.0029741,0.0026315,0.002759
2022-02-03,0.0027597,0.0027842,0.0025849,0.0027282
2022-02-04,0.0027274,0.0028046,0.0026794,0.0027082
2022-02-05,0.0027081,0.0028463,0.0026684,0.0027482
2022-02-06,0.0027479,0.0027839,0.0026957,0.0027201
2022-02-07,0.0027202,0.0028045,0.0026541,0.0026814
2022-02-08,0.0026816,0.0027004,0.0025475,0.0025746
2022-02-09,0.0025759,0.0026383,0.0025327,0.0025693
2022-02-10,0.0025675,0.0026189,0.0024153,0.0024392
2022-02-11,0.0024404,0.0024693,0.002258,0.002278
2022-02-12,0.002278,0.0023226,0.0022203,0.0022732
2022-02-13,0.0022731,0.0022935,0.0021788,0.0022067
2022-02-14,0.0022073,0.0022945,0.0021815,0.0022651
2022-02-15,0.0022659,0.0023744,0.0022655,0.0023691
2022-02-16,0.0023691,0.00237,0.0022622,0.0023223
2022-02-17,0.0023214,0.0023333,0.002261,0.0023084
2022-02-18,0.0023089,0.0023576,0.002243,0.0022491
2022-02-19,0.0022483,0.0022978,0.0022335,0.0022774
2022-02-20,0.0022773,0.0024335,0.0021956,0.0023625
2022-02-21,0.002363,0.0024448,0.0022364,0.0022422
2022-02-22,0.0022423,0.0022989,0.0022223,0.0022599
2022-02-23,0.0022597,0.0023893,0.0022565,0.00227
2022-02-24,0.0022702,0.0024545,0.0021782,0.002331
2022-02-25,0.0023324,0.0024169,0.0022651,0.0023653
2022-02-26,0.002365,0.002384,0.0022958,0.0023069
2022-02-27,0.002307,0.0023284,0.0022305,0.002271
2022-02-28,0.0022711,0.0024022,0.0022436,0.0023097
2022-03-01,0.0023087,0.0023259,0.0021955,0.0022198
2022-03-02,0.0022202,0.0024081,0.0021989,0.0022938
2022-03-03,0.0022938,0.0023228,0.0022201,0.0022531
2022-03-04,0.0022525,0.0022731,0.0021937,0.0022569
2022-03-05,0.0022557,0.0023085,0.002221,0.002274
2022-03-06,0.0022741,0.0022757,0.002194,0.0022013
2022-03-07,0.0022013,0.0022118,0.0021353,0.0021491
2022-03-08,0.0021493,0.0021845,0.0021146,0.0021248
2022-03-09,0.0021255,0.0021533,0.0020571,0.0020996
2022-03-10,0.0020994,0.002135,0.002078,0.0021021
2022-03-11,0.0021023,0.0021354,0.0020717,0.0020829
2022-03-12,0.0020829,0.0021084,0.0020674,0.0020976
2022-03-13,0.0020976,0.0021214,0.00203,0.0020835
2022-03-14,0.0020836,0.0021021,0.0020216,0.0020471
2022-03-15,0.0020472,0.0021709,0.0020423,0.0021074
2022-03-16,0.0021088,0.0021392,0.0020512,0.0021348
2022-03-17,0.0021349,0.0022263,0.0021259,0.0021463
2022-03-18,0.0021459,0.0022222,0.0020945,0.0021499
2022-03-19,0.0021507,0.0022548,0.0021426,0.0021874
2022-03-20,0.0021875,0.0021909,0.0021437,0.0021474
2022-03-21,0.0021474,0.0022028,0.0021337,0.0021604
2022-03-22,0.0021605,0.0021982,0.0021263,0.0021346
2022-03-23,0.002135,0.0022614,0.0021279,0.0022125
2022-03-24,0.0022131,0.002366,0.0021819,0.002326
2022-03-25,0.002326,0.0023804,0.0021937,0.0022249
2022-03-26,0.0022249,0.0023332,0.0022118,0.0022858
2022-03-27,0.002286,0.0023052,0.0022222,0.0022855
2022-03-28,0.0022851,0.0023875,0.0022436,0.0022443
2022-03-29,0.0022438,0.0024158,0.0022415,0.0023539
2022-03-30,0.0023538,0.00273,0.0022866,0.0025668
2022-03-31,0.0025668,0.0027864,0.0025532,0.0026983
2022-04-01,0.0026978,0.0029872,0.0026547,0.0029064
2022-04-02,0.0029077,0.0030618,0.0028714,0.0028926
2022-04-03,0.0028916,0.003039,0.00286,0.0029498
2022-04-04,0.0029498,0.0029949,0.0027821,0.002835
2022-04-05,0.0028366,0.0029067,0.0027604,0.0027875
2022-04-06,0.002788,0.0028008,0.0025985,0.0026179
2022-04-07,0.0026165,0.0027483,0.0025922,0.0027276
2022-04-08,0.0027267,0.0028061,0.0025636,0.0026015
2022-04-09,0.0026012,0.002659,0.0025645,0.0026408
2022-04-10,0.0026421,0.0026865,0.0025838,0.0026342
2022-04-11,0.002634,0.0026421,0.0024806,0.0025213
2022-04-12,0.0025211,0.0027012,0.0024966,0.0025755
2022-04-13,0.0025756,0.0026104,0.0025241,0.0025502
2022-04-14,0.0025498,0.0026019,0.0024916,0.002523
2022-04-15,0.0025232,0.002549,0.0024864,0.0024987
2022-04-16,0.0025002,0.0025526,0.0024915,0.0025279
2022-04-17,0.0025278,0.002607,0.0025155,0.0025239
2022-04-18,0.0025243,0.0025511,0.0024396,0.0025092
2022-04-19,0.0025093,0.002625,0.0024856,0.002615
2022-04-20,0.0026148,0.0026401,0.0025388,0.0025527
2022-04-21,0.0025529,0.0025827,0.00249,0.0025138
2022-04-22,0.0025142,0.002567,0.0024904,0.0025321
2022-04-23,0.0025321,0.0025787,0.0025023,0.0025505
2022-04-24,0.0025513,0.0025723,0.00251,0.0025145
2022-04-25,0.0025154,0.0025181,0.0024636,0.0024977
2022-04-26,0.0024979,0.0025442,0.0024586,0.0025114
2022-04-27,0.0025112,0.0025584,0.0025009,0.0025072
2022-04-28,0.0025072,0.0025356,0.002452,0.0024718
2022-04-29,0.0024718,0.0024773,0.0024157,0.0024343
2022-04-30,0.0024346,0.0024518,0.0021776,0.0022498
2022-05-01,0.0022492,0.0024094,0.0022437,0.0023314
2022-05-02,0.0023306,0.0023478,0.0022264,0.0022713
2022-05-03,0.0022714,0.0023041,0.0022549,0.0022757
2022-05-04,0.0022759,0.0023436,0.002228,0.0023385
2022-05-05,0.0023376,0.0024,0.00224,0.0023126
2022-05-06,0.0023125,0.0023141,0.0022404,0.0022678
2022-05-07,0.0022683,0.0022849,0.0022114,0.0022223
2022-05-08,0.002223,0.0022815,0.002178,0.0022147
2022-05-09,0.0022143,0.0022598,0.0020555,0.002068
2022-05-10,0.0020673,0.0022922,0.0020227,0.0021569
2022-05-11,0.0021563,0.0021895,0.0015057,0.0017491
2022-05-12,0.0017492,0.0018363,0.0013933,0.0015384
2022-05-13,0.001538,0.0018192,0.0015215,0.0016705
2022-05-14,0.0016713,0.0018216,0.0016,0.0017427
2022-05-15,0.001743,0.0018913,0.0016742,0.0018781
2022-05-16,0.001878,0.0018787,0.0017643,0.0018019
2022-05-17,0.0018008,0.0018963,0.0017996,0.0018728
2022-05-18,0.0018729,0.0018874,0.0017164,0.0017386
2022-05-19,0.0017395,0.0017806,0.00167,0.0017208
2022-05-20,0.0017215,0.001765,0.0016602,0.0016936
2022-05-21,0.0016932,0.0017287,0.0016721,0.0017086
2022-05-22,0.0017087,0.0017627,0.0016962,0.0017329
2022-05-23,0.0017322,0.0017901,0.0016803,0.0016889
2022-05-24,0.0016889,0.0017222,0.0016423,0.0016752
2022-05-25,0.001675,0.0016797,0.0016181,0.0016237
2022-05-26,0.0016237,0.0016861,0.0014761,0.0014874
2022-05-27,0.001487,0.0014958,0.0013859,0.0014381
2022-05-28,0.0014381,0.0015473,0.00141,0.0015244
2022-05-29,0.001524,0.0015534,0.0014447,0.0015265
2022-05-30,0.0015268,0.0015462,0.0014823,0.0014881
2022-05-31,0.0014879,0.0015219,0.0014269,0.0014393
2022-06-01,0.0014395,0.0014474,0.0013449,0.0013458
2022-06-02,0.0013455,0.0013689,0.0012841,0.0013418
2022-06-03,0.0013417,0.0013573,0.0012765,0.0012886
2022-06-04,0.0012888,0.001324,0.0012105,0.0013057
2022-06-05,0.0013064,0.0013463,0.0012753,0.0012877
2022-06-06,0.0012877,0.0014298,0.0012826,0.0013512
2022-06-07,0.001351,0.0013634,0.001256,0.0012626
2022-06-08,0.0012631,0.0013126,0.0012474,0.0012857
2022-06-09,0.0012859,0.0013768,0.001278,0.0013273
2022-06-10,0.0013274,0.0013538,0.001267,0.0012769
2022-06-11,0.0012775,0.0012902,0.0011746,0.0011939
2022-06-12,0.0011939,0.0012349,0.0011382,0.001152
2022-06-13,0.0011519,0.0012779,0.001083,0.001272
2022-06-14,0.0012723,0.0014288,0.0012268,0.0013362
2022-06-15,0.0013357,0.0015494,0.0013148,0.0015394
2022-06-16,0.001539,0.0015844,0.0014438,0.0014763
2022-06-17,0.001476,0.0015551,0.0014411,0.0015005
2022-06-18,0.0015009,0.0016875,0.0014601,0.0016873
2022-06-19,0.0016876,0.0017093,0.0015672,0.0016623
2022-06-20,0.0016624,0.0017607,0.0015984,0.0017137
2022-06-21,0.0017132,0.0018088,0.0016761,0.0017572
2022-06-22,0.0017573,0.0017714,0.0016782,0.0017074
2022-06-23,0.0017075,0.0018867,0.0017055,0.0018073
2022-06-24,0.0018072,0.0020074,0.0017949,0.0019741
2022-06-25,0.0019735,0.0019887,0.001892,0.0019647
2022-06-26,0.0019651,0.0019723,0.0018638,0.0018726
2022-06-27,0.0018717,0.00192,0.0018282,0.0018574
2022-06-28,0.0018574,0.0018906,0.0017314,0.0017429
2022-06-29,0.0017425,0.0017739,0.0016608,0.0016918
2022-06-30,0.0016922,0.0017356,0.001616,0.0016922
2022-07-01,0.0016928,0.0017335,0.0016596,0.0017039
2022-07-02,0.0017039,0.001763,0.0016773,0.0017329
2022-07-03,0.0017331,0.0017445,0.0016914,0.001729
2022-07-04,0.0017289,0.0018443,0.0017001,0.0018144
2022-07-05,0.0018143,0.0018182,0.0017137,0.0017545
2022-07-06,0.0017546,0.0018225,0.0017402,0.0018014
2022-07-07,0.0018018,0.0018497,0.001763,0.0017783
2022-07-08,0.0017785,0.0017992,0.0017101,0.0017652
2022-07-09,0.0017655,0.0017992,0.001754,0.0017635
2022-07-10,0.0017628,0.0017853,0.0017291,0.0017601
2022-07-11,0.0017596,0.0017608,0.0016664,0.0016746
2022-07-12,0.0016743,0.0017338,0.0016672,0.0016909
2022-07-13,0.001691,0.0017356,0.0016764,0.0017267
2022-07-14,0.0017264,0.001814,0.0017052,0.0018036
2022-07-15,0.0018036,0.0018452,0.0017751,0.0017939
2022-07-16,0.0017938,0.0018877,0.001771,0.0018674
2022-07-17,0.0018676,0.0019092,0.0018352,0.001857
2022-07-18,0.0018564,0.0019542,0.0018339,0.0019392
2022-07-19,0.0019396,0.0021227,0.001875,0.0019176
2022-07-20,0.0019171,0.0019521,0.0017976,0.0018104
2022-07-21,0.0018107,0.001898,0.0017435,0.0018622
2022-07-22,0.0018621,0.0018869,0.0017698,0.001787
2022-07-23,0.0017872,0.0018278,0.0017489,0.0017808
2022-07-24,0.00178,0.0018299,0.0017667,0.0018133
2022-07-25,0.0018128,0.0018176,0.0017173,0.0017206
2022-07-26,0.0017206,0.0017417,0.0016634,0.0017065
2022-07-27,0.0017062,0.0017727,0.0016929,0.0017528
2022-07-28,0.0017528,0.0018437,0.0017097,0.0017996
2022-07-29,0.0018006,0.0018378,0.0017443,0.0017632
2022-07-30,0.0017633,0.0019034,0.0017492,0.0018544
2022-07-31,0.0018543,0.001876,0.001812,0.0018182
2022-08-01,0.0018182,0.001847,0.0017756,0.0017903
2022-08-02,0.0017901,0.0018202,0.0017225,0.0017308
2022-08-03,0.0017308,0.001756,0.0016426,0.0016887
2022-08-04,0.0016889,0.0017259,0.0016805,0.0017165
2022-08-05,0.0017166,0.0017623,0.0017106,0.0017397
2022-08-06,0.0017396,0.0017632,0.001731,0.0017457
2022-08-07,0.0017455,0.0017792,0.0017142,0.0017522
2022-08-08,0.001752,0.0018138,0.0017506,0.0017716
2022-08-09,0.0017715,0.0017905,0.001735,0.0017426
2022-08-10,0.0017426,0.0017797,0.001715,0.0017724
2022-08-11,0.0017726,0.0018307,0.001747,0.0017875
2022-08-12,0.0017876,0.0018653,0.0017756,0.0018635
2022-08-13,0.0018636,0.0019461,0.0018573,0.0019061
2022-08-14,0.0019062,0.0019483,0.0018407,0.0018455
2022-08-15,0.0018455,0.0018836,0.0017916,0.0018143
2022-08-16,0.0018143,0.0018394,0.0017818,0.0018063
2022-08-17,0.0018063,0.0018364,0.0017251,0.0017368
2022-08-18,0.0017367,0.0017676,0.0016965,0.0017036
2022-08-19,0.0017037,0.0017544,0.0016226,0.0017191
2022-08-20,0.0017191,0.0017466,0.0016396,0.0016687
2022-08-21,0.0016687,0.0017174,0.0016343,0.0016951
2022-08-22,0.0016953,0.0017,0.0016065,0.0016551
2022-08-23,0.0016551,0.0016692,0.0016345,0.0016571
2022-08-24,0.0016573,0.001673,0.0016193,0.0016331
2022-08-25,0.001633,0.0016774,0.0016297,0.0016359
2022-08-26,0.0016358,0.0016367,0.0015523,0.0015674
2022-08-27,0.0015673,0.00159,0.0015534,0.0015729
2022-08-28,0.001573,0.0016003,0.0015452,0.0015561
2022-08-29,0.0015558,0.001604,0.0015253,0.001598
2022-08-30,0.0015978,0.0016165,0.0015674,0.0015885
2022-08-31,0.0015887,0.001614,0.0015611,0.0015711
2022-09-01,0.0015711,0.0015778,0.0015423,0.00157
2022-09-02,0.0015703,0.0015891,0.0015554,0.0015658
2022-09-03,0.0015657,0.0015757,0.001552,0.0015693
2022-09-04,0.0015692,0.0016158,0.0015681,0.0016075
2022-09-05,0.0016076,0.0016333,0.0015839,0.0016252
2022-09-06,0.0016253,0.0017119,0.0016205,0.0016435
2022-09-07,0.0016435,0.0017055,0.0016321,0.0016952
2022-09-08,0.0016948,0.0017571,0.0016779,0.0017395
2022-09-09,0.0017399,0.0017795,0.0016125,0.0016234
2022-09-10,0.0016234,0.0016428,0.0016068,0.0016186
2022-09-11,0.0016187,0.0016586,0.0015922,0.0016031
2022-09-12,0.0016032,0.0017243,0.0015906,0.0016716
2022-09-13,0.0016716,0.0017547,0.0016342,0.0016355
2022-09-14,0.0016354,0.0016927,0.001624,0.0016869
2022-09-15,0.0016869,0.0017245,0.0016378,0.0016786
2022-09-16,0.0016786,0.0016835,0.0016217,0.0016283
2022-09-17,0.0016283,0.0016832,0.0016279,0.0016748
2022-09-18,0.0016749,0.0016925,0.0015903,0.0016016
2022-09-19,0.0016017,0.0016972,0.0015998,0.00167
2022-09-20,0.00167,0.0017,0.0016585,0.0016641
2022-09-21,0.0016642,0.001698,0.0016243,0.0016602
2022-09-22,0.0016603,0.001692,0.0016505,0.0016707
2022-09-23,0.0016708,0.0017802,0.0016666,0.0017451
2022-09-24,0.0017452,0.0018269,0.0017452,0.0017643
2022-09-25,0.0017644,0.0017902,0.0017086,0.0017191
2022-09-26,0.0017191,0.0017645,0.0017029,0.0017625
2022-09-27,0.0017625,0.0017821,0.0016994,0.0017129
2022-09-28,0.001713,0.0017354,0.0016837,0.0017114
2022-09-29,0.0017115,0.0017737,0.001699,0.0017318
2022-09-30,0.0017318,0.0017724,0.0016856,0.0017119
2022-10-01,0.0017118,0.0017145,0.0016781,0.0016801
2022-10-02,0.00168,0.0017115,0.0016768,0.0016825
2022-10-03,0.0016825,0.0017047,0.0016731,0.001676
2022-10-04,0.0016759,0.0017249,0.001671,0.0016767
2022-10-05,0.0016766,0.0016976,0.0016663,0.0016887
2022-10-06,0.0016887,0.0016998,0.0016689,0.0016712
2022-10-07,0.0016712,0.001699,0.0016483,0.0016886
2022-10-08,0.0016885,0.0016919,0.0016739,0.001678
2022-10-09,0.001678,0.0016984,0.0016741,0.0016932
2022-10-10,0.0016933,0.0017139,0.0016678,0.0016704
2022-10-11,0.0016705,0.0016705,0.0016,0.0016159
2022-10-12,0.0016159,0.0016427,0.0016116,0.0016263
2022-10-13,0.0016263,0.0016291,0.0015179,0.0015736
2022-10-14,0.0015735,0.0016139,0.0015491,0.0015642
2022-10-15,0.0015642,0.0015729,0.0015486,0.0015519
2022-10-16,0.0015519,0.0015721,0.0015499,0.0015656
2022-10-17,0.0015657,0.001599,0.0015563,0.0015967
2022-10-18,0.0015967,0.0016062,0.0015505,0.0015597
2022-10-19,0.0015596,0.0015661,0.0015,0.001509
2022-10-20,0.0015091,0.0015333,0.0014709,0.001471
2022-10-21,0.001471,0.0014807,0.0014299,0.0014659
2022-10-22,0.001466,0.0014685,0.0014359,0.0014582
2022-10-23,0.0014581,0.0015,0.0014538,0.0014959
2022-10-24,0.001496,0.0015069,0.0014603,0.0014644
2022-10-25,0.0014645,0.0016036,0.0014578,0.0015371
2022-10-26,0.0015371,0.0015524,0.0014958,0.0015064
2022-10-27,0.0015065,0.0015566,0.0014998,0.0015071
2022-10-28,0.0015071,0.0015746,0.001498,0.0015569
2022-10-29,0.001557,0.0016131,0.0015463,0.0015792
2022-10-30,0.0015793,0.001609,0.0015561,0.0015969
2022-10-31,0.001597,0.0016559,0.0015746,0.0015889
2022-11-01,0.001589,0.0016189,0.0015715,0.0015723
2022-11-02,0.0015724,0.0015853,0.0014997,0.0015286
2022-11-03,0.0015286,0.0015846,0.0015179,0.001527
2022-11-04,0.001527,0.001613,0.0015193,0.0015952
2022-11-05,0.0015951,0.001817,0.0015951,0.0017323
2022-11-06,0.0017323,0.0017395,0.0015413,0.0015602
2022-11-07,0.00156,0.0015817,0.0013762,0.0014388
2022-11-08,0.0014386,0.0015704,0.00115,0.0013147
2022-11-09,0.001314,0.0013278,0.0007631,0.0008848
2022-11-10,0.0008852,0.001054,0.0007861,0.0010035
2022-11-11,0.0010034,0.0010511,0.0009104,0.0009645
2022-11-12,0.0009646,0.0009661,0.0008626,0.0008671
2022-11-13,0.0008671,0.0008756,0.0007983,0.0008071
2022-11-14,0.0008072,0.0009146,0.0007584,0.0008421
2022-11-15,0.0008424,0.0008955,0.0008266,0.0008478
2022-11-16,0.0008478,0.0008697,0.0008315,0.0008562
2022-11-17,0.0008563,0.0008696,0.000786,0.0008174
2022-11-18,0.0008175,0.0008214,0.000784,0.0007946
2022-11-19,0.0007947,0.0007956,0.0007559,0.000769
2022-11-20,0.0007691,0.0008137,0.0007479,0.0007536
2022-11-21,0.0007538,0.0007596,0.0007192,0.0007498
2022-11-22,0.0007499,0.000771,0.0006977,0.0007667
2022-11-23,0.0007667,0.0008717,0.0007661,0.0008644
2022-11-24,0.0008644,0.0008935,0.0008385,0.0008791
2022-11-25,0.0008792,0.0008801,0.000847,0.0008492
2022-11-26,0.0008492,0.0009004,0.0008473,0.0008604
2022-11-27,0.0008607,0.0008716,0.0008543,0.0008594
2022-11-28,0.000859,0.00086,0.0007933,0.0008222
2022-11-29,0.0008222,0.0008436,0.0008065,0.0008119
2022-11-30,0.0008119,0.000834,0.0007908,0.0008249
2022-12-01,0.0008249,0.0008261,0.0007915,0.0007958
2022-12-02,0.000796,0.0008124,0.0007901,0.000802
2022-12-03,0.0008021,0.0008045,0.0007838,0.0007874
2022-12-04,0.0007875,0.000804,0.0007862,0.0008011
2022-12-05,0.0008013,0.0008249,0.0008001,0.0008143
2022-12-06,0.0008142,0.0008449,0.0008132,0.0008368
2022-12-07,0.0008367,0.0008398,0.000801,0.0008017
2022-12-08,0.0008018,0.0008064,0.0007907,0.0007946
2022-12-09,0.0007945,0.0008144,0.0007899,0.0007935
2022-12-10,0.0007935,0.0007995,0.0007907,0.0007924
2022-12-11,0.0007925,0.0008019,0.0007833,0.0007855
2022-12-12,0.0007854,0.0007921,0.0007599,0.0007738
2022-12-13,0.0007738,0.0007902,0.0007468,0.0007814
2022-12-14,0.0007815,0.0008209,0.0007777,0.0007931
2022-12-15,0.0007931,0.0008181,0.0007842,0.0008089
2022-12-16,0.0008092,0.0008132,0.0007261,0.000736
2022-12-17,0.0007361,0.0007493,0.0007184,0.000745
2022-12-18,0.0007452,0.0007497,0.0007353,0.0007394
2022-12-19,0.0007394,0.0007494,0.0007138,0.0007261
2022-12-20,0.0007261,0.000739,0.0007217,0.0007255
2022-12-21,0.0007256,0.0007273,0.00071,0.0007215
2022-12-22,0.0007216,0.0007235,0.0006948,0.0007025
2022-12-23,0.0007022,0.0007178,0.0006979,0.0007026
2022-12-24,0.0007026,0.0007026,0.0006601,0.0006797
2022-12-25,0.0006801,0.0006871,0.0006716,0.0006762
2022-12-26,0.0006764,0.0006805,0.000658,0.0006696
2022-12-27,0.0006697,0.000674,0.0006382,0.0006638
2022-12-28,0.0006639,0.000666,0.0005691,0.0005896
2022-12-29,0.0005899,0.0006533,0.0004807,0.0005797
2022-12-30,0.0005794,0.0006159,0.0005461,0.0005962
2022-12-31,0.0005962,0.000614,0.0005842,0.0006029
2023-01-01,0.0006029,0.0006089,0.0005873,0.0006006
2023-01-02,0.000601,0.0007194,0.0005929,0.0006766
2023-01-03,0.0006767,0.000833,0.0006594,0.000802
2023-01-04,0.000802,0.0008428,0.000762,0.0007972
2023-01-05,0.0007973,0.0008232,0.0007713,0.0007984
2023-01-06,0.0007981,0.0008048,0.00076,0.0007967
2023-01-07,0.0007968,0.0007968,0.0007691,0.000773
2023-01-08,0.000773,0.000867,0.00076,0.0008444
2023-01-09,0.0008437,0.0010096,0.0008342,0.0009466
2023-01-10,0.0009466,0.0009636,0.0009084,0.000929
2023-01-11,0.0009289,0.0009358,0.0008814,0.0009128
2023-01-12,0.0009126,0.0009349,0.0008578,0.0008809
2023-01-13,0.0008803,0.0009444,0.0008654,0.0009183
2023-01-14,0.0009182,0.0011797,0.0009027,0.0011573
2023-01-15,0.0011566,0.0011938,0.0010682,0.0010972
2023-01-16,0.0010974,0.0011847,0.0010777,0.0011133
2023-01-17,0.001113,0.0011305,0.0010752,0.001082
2023-01-18,0.0010822,0.0010988,0.0009881,0.0010054
2023-01-19,0.0010053,0.0010459,0.000988,0.0010162
2023-01-20,0.001016,0.0011396,0.0009982,0.0011253
2023-01-21,0.0011256,0.0011411,0.0010761,0.0010782
2023-01-22,0.0010781,0.0011129,0.0010514,0.0010662
2023-01-23,0.001066,0.001095,0.0010494,0.0010614
2023-01-24,0.0010613,0.0010914,0.0009779,0.0010062
2023-01-25,0.0010062,0.0010812,0.000996,0.0010635
2023-01-26,0.0010638,0.0010863,0.0010366,0.001058
2023-01-27,0.0010579,0.001067,0.0010202,0.0010587
2023-01-28,0.0010586,0.0010918,0.0010346,0.0010427
2023-01-29,0.0010425,0.0011267,0.0010333,0.0010986
2023-01-30,0.001098,0.0011072,0.0010206,0.0010497
2023-01-31,0.0010499,0.0010621,0.00103,0.0010342
2023-02-01,0.0010344,0.0010612,0.0009808,0.0010536
2023-02-02,0.0010536,0.001084,0.0010284,0.0010351
2023-02-03,0.0010351,0.0010605,0.0010249,0.0010535
2023-02-04,0.0010535,0.0010582,0.0010386,0.0010433
2023-02-05,0.001043,0.001046,0.001008,0.0010234
2023-02-06,0.0010235,0.0010287,0.0009911,0.0009953
2023-02-07,0.0009952,0.0010298,0.0009903,0.0010253
2023-02-08,0.0010254,0.001037,0.0010027,0.001011
2023-02-09,0.001011,0.0010162,0.0009217,0.0009395
2023-02-10,0.0009397,0.0009676,0.0009147,0.0009298
2023-02-11,0.0009297,0.0009567,0.0009295,0.000952
2023-02-12,0.000952,0.0010276,0.0009466,0.0009871
2023-02-13,0.0009872,0.0009884,0.0009198,0.0009535
2023-02-14,0.0009536,0.0010029,0.0009511,0.0009838
2023-02-15,0.0009837,0.0009972,0.0009665,0.0009812
2023-02-16,0.0009814,0.0009822,0.0009228,0.0009459
2023-02-17,0.0009458,0.0009601,0.0009366,0.000942
2023-02-18,0.0009418,0.00097,0.0009373,0.0009523
2023-02-19,0.0009523,0.001045,0.0009405,0.0010232
2023-02-20,0.0010233,0.0011083,0.0010088,0.0010572
2023-02-21,0.001057,0.001072,0.0010083,0.0010216
2023-02-22,0.0010216,0.001034,0.0009653,0.0009987
2023-02-23,0.0009987,0.0010098,0.0009926,0.0009988
2023-02-24,0.000999,0.0010093,0.0009769,0.0009954
2023-02-25,0.0009951,0.0010055,0.0009386,0.0009661
2023-02-26,0.000966,0.0009969,0.0009613,0.0009877
2023-02-27,0.0009875,0.0009877,0.000963,0.0009652
2023-02-28,0.0009653,0.0009676,0.0009405,0.0009459
2023-03-01,0.0009458,0.00096,0.0009391,0.0009528
2023-03-02,0.0009523,0.0009531,0.0009327,0.0009374
2023-03-03,0.0009374,0.0009625,0.000911,0.0009579
2023-03-04,0.0009578,0.0009655,0.0009115,0.000939
2023-03-05,0.000939,0.0009646,0.000931,0.0009353
2023-03-06,0.0009349,0.0009385,0.0009164,0.0009203
2023-03-07,0.0009204,0.0009315,0.0008968,0.0009111
2023-03-08,0.0009118,0.0009152,0.0008277,0.000848
2023-03-09,0.0008486,0.0008639,0.0008318,0.0008512
2023-03-10,0.0008512,0.0009097,0.000813,0.0009018
2023-03-11,0.0009017,0.000915,0.0008492,0.0008832
2023-03-12,0.0008833,0.0009479,0.0008728,0.0009182
2023-03-13,0.000918,0.0009198,0.0008398,0.0008464
2023-03-14,0.0008464,0.0008537,0.0008098,0.0008455
2023-03-15,0.0008453,0.0008638,0.0007768,0.0007925
2023-03-16,0.0007925,0.0007988,0.0007739,0.0007871
2023-03-17,0.0007871,0.0007934,0.0007552,0.0007884
2023-03-18,0.0007883,0.0008392,0.0007844,0.0007879
2023-03-19,0.0007879,0.0008053,0.0007783,0.0007817
2023-03-20,0.0007817,0.0008491,0.0007806,0.0007981
2023-03-21,0.0007983,0.0008299,0.0007818,0.0008014
2023-03-22,0.0008012,0.0008073,0.00078,0.0007858
2023-03-23,0.0007857,0.000798,0.0007739,0.0007834
2023-03-24,0.0007835,0.0007866,0.0007341,0.0007524
2023-03-25,0.0007526,0.0007588,0.0007375,0.0007431
2023-03-26,0.0007431,0.0007569,0.0007398,0.0007487
2023-03-27,0.0007487,0.0007498,0.0007241,0.0007337
2023-03-28,0.0007337,0.0007588,0.0007281,0.0007501
2023-03-29,0.0007502,0.0007607,0.000741,0.0007444
2023-03-30,0.0007443,0.000746,0.000715,0.0007332
2023-03-31,0.0007332,0.0007514,0.0007219,0.0007434
2023-04-01,0.0007433,0.0007471,0.0007329,0.0007406
2023-04-02,0.0007407,0.0007484,0.0007253,0.0007282
2023-04-03,0.0007282,0.0007475,0.000717,0.0007356
2023-04-04,0.0007357,0.0007497,0.0007296,0.0007426
2023-04-05,0.0007426,0.0007464,0.000735,0.0007443
2023-04-06,0.0007443,0.0007451,0.0007337,0.0007356
2023-04-07,0.0007355,0.0007398,0.0007272,0.0007324
2023-04-08,0.0007325,0.0007372,0.0007114,0.0007171
2023-04-09,0.0007172,0.0007263,0.0007122,0.0007164
2023-04-10,0.0007164,0.0007189,0.0007009,0.0007049
2023-04-11,0.0007049,0.0007846,0.000694,0.0007611
2023-04-12,0.0007612,0.0008118,0.0007475,0.0007963
2023-04-13,0.0007964,0.0008364,0.0007886,0.0008041
2023-04-14,0.0008042,0.0008322,0.0007857,0.0008115
2023-04-15,0.0008115,0.0008115,0.0007868,0.0007939
2023-04-16,0.000794,0.0008392,0.0007908,0.0008364
2023-04-17,0.0008364,0.0008668,0.0008289,0.0008347
2023-04-18,0.0008348,0.0008467,0.0008125,0.0008172
2023-04-19,0.0008171,0.0008216,0.00075,0.0007874
2023-04-20,0.0007871,0.0008043,0.0007673,0.0007858
2023-04-21,0.0007858,0.0007937,0.0007681,0.0007798
2023-04-22,0.0007797,0.0007928,0.0007749,0.0007835
2023-04-23,0.0007834,0.0008026,0.0007656,0.0007784
2023-04-24,0.0007784,0.0007943,0.0007731,0.0007773
2023-04-25,0.0007775,0.0007782,0.0007607,0.0007747
2023-04-26,0.0007748,0.0007787,0.000745,0.000749
2023-04-27,0.0007489,0.0007686,0.0007433,0.0007577
2023-04-28,0.0007577,0.000801,0.0007545,0.0007965
2023-04-29,0.0007964,0.0008146,0.0007866,0.0007932
2023-04-30,0.000793,0.0008094,0.0007762,0.0007777
2023-05-01,0.0007775,0.0007857,0.0007651,0.0007821
2023-05-02,0.0007822,0.000785,0.0007724,0.0007759
2023-05-03,0.0007763,0.0007765,0.0007472,0.000766
2023-05-04,0.000766,0.0007756,0.0007514,0.0007535
2023-05-05,0.0007535,0.0007816,0.000743,0.0007732
2023-05-06,0.0007733,0.000782,0.0007522,0.0007596
2023-05-07,0.0007595,0.0007862,0.0007535,0.0007615
2023-05-08,0.0007615,0.0007656,0.0007309,0.0007457
2023-05-09,0.0007457,0.0007577,0.0007394,0.0007478
2023-05-10,0.0007478,0.0007647,0.0007403,0.0007581
2023-05-11,0.0007579,0.0007583,0.000735,0.000748
2023-05-12,0.0007481,0.0007821,0.0007453,0.0007803
2023-05-13,0.0007802,0.000794,0.0007756,0.0007783
2023-05-14,0.0007783,0.0007882,0.0007729,0.0007779
2023-05-15,0.0007777,0.0007846,0.0007694,0.0007725
2023-05-16,0.0007723,0.000775,0.0007587,0.000765
2023-05-17,0.0007648,0.0007757,0.0007622,0.0007681
2023-05-18,0.000768,0.0007707,0.0007543,0.0007584
2023-05-19,0.0007584,0.0007627,0.0007559,0.0007571
2023-05-20,0.0007571,0.0007574,0.000747,0.0007481
2023-05-21,0.000748,0.0007527,0.0007257,0.0007332
2023-05-22,0.0007331,0.0007425,0.0007255,0.0007271
2023-05-23,0.0007272,0.0007394,0.0007243,0.0007357
2023-05-24,0.0007358,0.0007374,0.0007122,0.0007298
2023-05-25,0.0007299,0.0007422,0.0007254,0.0007272
2023-05-26,0.0007273,0.0007311,0.0007225,0.0007246
2023-05-27,0.0007247,0.0007654,0.0007246,0.0007604
2023-05-28,0.0007605,0.0007688,0.00074,0.0007411
2023-05-29,0.0007413,0.0007451,0.0007344,0.0007419
2023-05-30,0.0007418,0.0007709,0.0007404,0.0007673
2023-05-31,0.0007675,0.0007688,0.0007583,0.0007651
2023-06-01,0.0007652,0.0007755,0.0007634,0.0007646
2023-06-02,0.0007645,0.0007852,0.0007628,0.0007802
2023-06-03,0.0007802,0.0007836,0.0007749,0.0007828
2023-06-04,0.0007829,0.0008195,0.0007796,0.0008049
2023-06-05,0.0008049,0.0008149,0.0007548,0.0007774
2023-06-06,0.0007774,0.000782,0.0007484,0.0007484
2023-06-07,0.0007485,0.0007513,0.0007051,0.0007073
2023-06-08,0.0007073,0.0007178,0.000695,0.0007128
2023-06-09,0.0007127,0.0007269,0.0006465,0.000657
2023-06-10,0.000657,0.0006577,0.0004952,0.0006044
2023-06-11,0.0006045,0.0006197,0.0005877,0.0005997
2023-06-12,0.0005998,0.0006015,0.0005724,0.0005863
2023-06-13,0.0005864,0.0006053,0.0005733,0.0005797
2023-06-14,0.0005796,0.0005906,0.0005636,0.0005765
2023-06-15,0.0005765,0.0006,0.0005672,0.0005774
2023-06-16,0.0005772,0.0005883,0.0005701,0.0005815
2023-06-17,0.0005812,0.000604,0.0005786,0.00059
2023-06-18,0.00059,0.0005952,0.0005815,0.0005861
2023-06-19,0.000586,0.000602,0.0005833,0.0006
2023-06-20,0.0005998,0.0006071,0.0005814,0.000588
2023-06-21,0.0005879,0.000594,0.0005583,0.0005749
2023-06-22,0.0005746,0.000586,0.0005538,0.0005566
2023-06-23,0.0005566,0.000567,0.0005391,0.0005585
2023-06-24,0.0005585,0.0005708,0.0005386,0.0005452
2023-06-25,0.0005452,0.0005657,0.0005438,0.0005567
2023-06-26,0.0005565,0.0005601,0.0005289,0.0005377
2023-06-27,0.0005376,0.0005513,0.0005331,0.0005416
2023-06-28,0.0005418,0.0005422,0.0005223,0.0005311
2023-06-29,0.0005312,0.0005963,0.0005277,0.0005912
2023-06-30,0.0005911,0.000653,0.0005771,0.0006188
2023-07-01,0.0006187,0.000623,0.0005889,0.0006112
2023-07-02,0.0006112,0.0006414,0.0006069,0.0006356
2023-07-03,0.0006356,0.0006405,0.00061,0.0006181
2023-07-04,0.0006181,0.0006439,0.0006156,0.0006219
2023-07-05,0.0006219,0.000629,0.000604,0.0006226
2023-07-06,0.0006227,0.0006922,0.0006217,0.0006556
2023-07-07,0.0006556,0.0007193,0.000642,0.0007086
2023-07-08,0.0007087,0.0007426,0.0007057,0.0007205
2023-07-09,0.0007205,0.0007369,0.0006968,0.000707
2023-07-10,0.0007072,0.0007098,0.0006804,0.0007002
2023-07-11,0.0007002,0.0007336,0.0006983,0.0007207
2023-07-12,0.0007206,0.0007386,0.0007143,0.0007221
2023-07-13,0.0007222,0.0008551,0.0007084,0.0008271
2023-07-14,0.000827,0.0010252,0.0008163,0.0008801
2023-07-15,0.0008799,0.000959,0.0008745,0.0009063
2023-07-16,0.0009065,0.0009443,0.0008807,0.0009066
2023-07-17,0.0009065,0.00094,0.0008585,0.0008893
2023-07-18,0.0008893,0.0008973,0.0008307,0.0008557
2023-07-19,0.0008555,0.0008991,0.0008491,0.0008797
2023-07-20,0.0008797,0.0009027,0.0008434,0.0008516
2023-07-21,0.0008512,0.0008657,0.0008432,0.000853
2023-07-22,0.0008531,0.0008673,0.000811,0.0008232
2023-07-23,0.0008229,0.0008366,0.0008124,0.0008232
2023-07-24,0.0008231,0.0008285,0.0007919,0.0008007
2023-07-25,0.0008009,0.0008064,0.0007812,0.0007963
2023-07-26,0.0007965,0.000872,0.000795,0.0008575
2023-07-27,0.0008577,0.0008727,0.0008398,0.0008589
2023-07-28,0.0008587,0.0008672,0.0008421,0.0008464
2023-07-29,0.0008465,0.0008641,0.0008445,0.0008573
2023-07-30,0.0008574,0.0008589,0.0008098,0.0008281
2023-07-31,0.0008281,0.0008409,0.0008085,0.0008115
2023-08-01,0.0008115,0.0008178,0.0007952,0.0008097
2023-08-02,0.0008097,0.0008132,0.0007883,0.0007934
2023-08-03,0.0007932,0.0007991,0.0007707,0.0007758
2023-08-04,0.0007758,0.0008037,0.0007712,0.0007831
2023-08-05,0.0007831,0.0007889,0.0007667,0.0007794
2023-08-06,0.0007793,0.0008063,0.0007774,0.0007976
2023-08-07,0.0007975,0.0008115,0.0007784,0.0007916
2023-08-08,0.0007916,0.0008284,0.0007894,0.0008132
2023-08-09,0.0008133,0.0008371,0.0008133,0.0008243
2023-08-10,0.0008245,0.00084,0.0008177,0.0008358
2023-08-11,0.0008359,0.000847,0.0008292,0.0008369
2023-08-12,0.0008368,0.0008571,0.0008304,0.0008464
2023-08-13,0.0008467,0.000848,0.0008264,0.0008267
2023-08-14,0.0008268,0.0008574,0.0008254,0.0008558
2023-08-15,0.000856,0.000863,0.0008132,0.0008187
2023-08-16,0.0008185,0.0008221,0.0007748,0.0007941
2023-08-17,0.0007943,0.0008344,0.000768,0.0008139
2023-08-18,0.000814,0.0008418,0.0008061,0.0008192
2023-08-19,0.0008191,0.0008463,0.0008175,0.0008388
2023-08-20,0.0008388,0.0008416,0.0008278,0.0008313
2023-08-21,0.0008312,0.0008314,0.0007877,0.0008112
2023-08-22,0.0008114,0.0008139,0.00076,0.0007899
2023-08-23,0.00079,0.0008223,0.0007869,0.0008223
2023-08-24,0.0008222,0.0008314,0.000797,0.0008044
2023-08-25,0.0008044,0.0008044,0.0007742,0.0007835
2023-08-26,0.0007835,0.0007835,0.0007757,0.0007799
2023-08-27,0.0007797,0.0007988,0.0007787,0.0007966
2023-08-28,0.0007966,0.0007966,0.0007748,0.0007872
2023-08-29,0.0007873,0.0007975,0.00077,0.0007861
2023-08-30,0.0007862,0.0007921,0.0007589,0.0007627
2023-08-31,0.0007626,0.0007664,0.0007439,0.0007606
2023-09-01,0.0007606,0.0007648,0.000745,0.0007488
2023-09-02,0.0007488,0.0007625,0.0007421,0.0007534
2023-09-03,0.0007534,0.0007597,0.0007449,0.0007534
2023-09-04,0.0007536,0.0007686,0.0007471,0.0007562
2023-09-05,0.000756,0.0007989,0.0007439,0.000786
2023-09-06,0.0007859,0.0007894,0.0007499,0.0007624
2023-09-07,0.0007622,0.0007677,0.0007537,0.0007587
2023-09-08,0.0007584,0.0007674,0.0007514,0.0007568
2023-09-09,0.0007568,0.0007576,0.0007495,0.0007506
2023-09-10,0.0007505,0.0007505,0.0006921,0.0007057
2023-09-11,0.0007056,0.0007165,0.0006786,0.0007045
2023-09-12,0.0007045,0.000715,0.0006831,0.0006934
2023-09-13,0.0006937,0.0007118,0.000684,0.0007014
2023-09-14,0.0007016,0.0007302,0.0007014,0.0007105
2023-09-15,0.0007105,0.0007269,0.0007042,0.0007197
2023-09-16,0.0007196,0.0007286,0.0007114,0.0007202
2023-09-17,0.0007202,0.0007203,0.0007044,0.0007091
2023-09-18,0.0007092,0.0007419,0.000703,0.0007341
2023-09-19,0.0007339,0.0007533,0.0007313,0.0007361
2023-09-20,0.0007361,0.0007539,0.0007329,0.0007482
2023-09-21,0.0007481,0.0007484,0.0007294,0.0007322
2023-09-22,0.0007321,0.0007411,0.0007226,0.0007308
2023-09-23,0.0007309,0.0007356,0.0007262,0.0007324
2023-09-24,0.0007328,0.0007404,0.0007317,0.0007373
2023-09-25,0.0007376,0.0007513,0.0007342,0.0007373
2023-09-26,0.0007374,0.0007408,0.0007213,0.0007255
2023-09-27,0.0007255,0.0007308,0.000717,0.0007256
2023-09-28,0.0007256,0.0007393,0.0007181,0.000739
2023-09-29,0.0007391,0.0007579,0.000735,0.0007536
2023-09-30,0.0007537,0.0008071,0.0007457,0.0007922
2023-10-01,0.0007923,0.0008872,0.0007821,0.0008529
2023-10-02,0.0008529,0.0008825,0.000834,0.0008498
2023-10-03,0.0008498,0.0008997,0.0008461,0.0008608
2023-10-04,0.0008608,0.0008628,0.0008228,0.0008327
2023-10-05,0.0008327,0.0008523,0.0008202,0.0008277
2023-10-06,0.0008278,0.0008515,0.000827,0.0008379
2023-10-07,0.0008377,0.0008667,0.0008277,0.000833
2023-10-08,0.0008332,0.0008433,0.0008293,0.0008318
2023-10-09,0.0008319,0.0008364,0.0007921,0.0008009
2023-10-10,0.0008008,0.0008158,0.0007932,0.0008073
2023-10-11,0.0008072,0.0008252,0.000804,0.0008189
2023-10-12,0.000819,0.0008203,0.0007878,0.0007956
2023-10-13,0.0007955,0.0008199,0.0007887,0.000813
2023-10-14,0.0008131,0.0008298,0.0008117,0.000819
2023-10-15,0.000819,0.000824,0.0008054,0.0008076
2023-10-16,0.0008074,0.0008496,0.0008041,0.0008403
2023-10-17,0.0008405,0.0008637,0.000833,0.0008427
2023-10-18,0.000843,0.0008481,0.0008254,0.0008268
2023-10-19,0.0008266,0.0008939,0.0008205,0.0008679
2023-10-20,0.000868,0.0009259,0.0008644,0.0009113
2023-10-21,0.000911,0.00101,0.0009024,0.0009803
2023-10-22,0.0009804,0.0010021,0.00094,0.0009686
2023-10-23,0.0009686,0.0010191,0.00092,0.0009641
2023-10-24,0.000964,0.0009688,0.000878,0.0008895
2023-10-25,0.0008895,0.0009873,0.000886,0.0009404
2023-10-26,0.0009405,0.0009699,0.0009082,0.0009598
2023-10-27,0.0009597,0.0009776,0.0009309,0.0009359
2023-10-28,0.000936,0.0009514,0.00092,0.000928
2023-10-29,0.0009282,0.0009597,0.0009213,0.0009509
2023-10-30,0.0009509,0.0010197,0.0009439,0.0010135
2023-10-31,0.0010135,0.0011143,0.0010094,0.0011087
2023-11-01,0.0011088,0.0013483,0.0010981,0.001162
2023-11-02,0.001162,0.0012588,0.0011179,0.0011522
2023-11-03,0.0011514,0.0011609,0.0010971,0.0011367
2023-11-04,0.0011363,0.001225,0.0011249,0.0012094
2023-11-05,0.0012095,0.0012251,0.0011583,0.0011751
2023-11-06,0.0011758,0.0012056,0.0011383,0.0012033
2023-11-07,0.0012029,0.001252,0.0011523,0.0012129
2023-11-08,0.001213,0.0012438,0.0011957,0.0012105
2023-11-09,0.0012105,0.0013037,0.0011521,0.0012341
2023-11-10,0.0012345,0.0015477,0.0012298,0.0015195
2023-11-11,0.0015197,0.0017184,0.00145,0.0015168
2023-11-12,0.0015176,0.0016658,0.0014809,0.0015185
2023-11-13,0.0015184,0.001622,0.0014061,0.001415
2023-11-14,0.0014154,0.001613,0.0014042,0.0015985
2023-11-15,0.0015985,0.0017817,0.0015864,0.0017301
2023-11-16,0.0017291,0.00182,0.0015649,0.0015984
2023-11-17,0.0015982,0.0016564,0.0015051,0.0015984
2023-11-18,0.0015985,0.0016186,0.0015107,0.001601
2023-11-19,0.001601,0.0016869,0.0015539,0.0016371
2023-11-20,0.0016356,0.0016441,0.001499,0.0015108
2023-11-21,0.0015107,0.0015287,0.0014109,0.0014437
2023-11-22,0.0014448,0.0015656,0.0014421,0.0015388
2023-11-23,0.001539,0.0015939,0.0015086,0.0015151
2023-11-24,0.0015155,0.0015519,0.0015015,0.001508
2023-11-25,0.001507,0.0015816,0.0014784,0.0015566
2023-11-26,0.0015566,0.0015621,0.0015074,0.0015377
2023-11-27,0.0015367,0.0015461,0.001452,0.0014779
2023-11-28,0.0014785,0.0015411,0.0014619,0.0015389
2023-11-29,0.0015384,0.0016138,0.0015262,0.0015667
2023-11-30,0.0015667,0.0016292,0.0015575,0.0015716
2023-12-01,0.0015716,0.001608,0.0015415,0.0015447
2023-12-02,0.0015446,0.0016197,0.0015417,0.0016139
2023-12-03,0.0016138,0.0016595,0.0015716,0.0015758
2023-12-04,0.0015758,0.0015956,0.0014347,0.0014676
2023-12-05,0.001468,0.0014842,0.0013597,0.0013845
2023-12-06,0.0013845,0.001523,0.0013845,0.0014129
2023-12-07,0.0014134,0.0016,0.0014101,0.0015656
2023-12-08,0.0015657,0.0017066,0.0015657,0.0016958
2023-12-09,0.0016964,0.0017687,0.0016425,0.0016531
2023-12-10,0.0016545,0.0017103,0.0016209,0.0017091
2023-12-11,0.0017095,0.0017128,0.0015666,0.001703
2023-12-12,0.0017035,0.0017363,0.0016165,0.0016531
2023-12-13,0.0016529,0.0016824,0.0015616,0.0016475
2023-12-14,0.0016472,0.0017696,0.0016306,0.0017575
2023-12-15,0.0017591,0.0018593,0.0017195,0.0017296
2023-12-16,0.0017289,0.0018151,0.0017074,0.0017428
2023-12-17,0.0017431,0.0017778,0.0017,0.0017117
2023-12-18,0.0017128,0.001772,0.00165,0.0017442
2023-12-19,0.001745,0.0017789,0.0017108,0.0017281
2023-12-20,0.0017266,0.0019089,0.0017266,0.0018839
2023-12-21,0.0018834,0.0021846,0.0018658,0.0021401
2023-12-22,0.0021406,0.0022592,0.0020688,0.0022262
2023-12-23,0.0022261,0.0025143,0.0021375,0.0024658
2023-12-24,0.0024677,0.0026894,0.0024575,0.0026156
2023-12-25,0.0026154,0.002897,0.0025252,0.0027748
2023-12-26,0.0027743,0.0027841,0.0024404,0.0026449
2023-12-27,0.002646,0.0026724,0.0024316,0.0024612
2023-12-28,0.0024624,0.0025124,0.0022804,0.0023919
2023-12-29,0.0023914,0.0025764,0.0023435,0.0025233
2023-12-30,0.0025239,0.00255,0.0024,0.0024176
2023-12-31,0.0024177,0.002471,0.0023678,0.0024051
2024-01-01,0.0024058,0.00253,0.0023924,0.0024874
2024-01-02,0.0024881,0.002557,0.0023438,0.0023743
2024-01-03,0.0023744,0.0024241,0.0020833,0.0023006
2024-01-04,0.0022987,0.002441,0.0022583,0.0023761
2024-01-05,0.0023764,0.0023839,0.0022046,0.0022639
2024-01-06,0.0022639,0.0022701,0.0021076,0.0021322
2024-01-07,0.0021334,0.0021776,0.0020049,0.0020355
2024-01-08,0.0020368,0.0021332,0.00197,0.0020862
2024-01-09,0.0020846,0.0022217,0.0020555,0.0021556
2024-01-10,0.0021546,0.0022458,0.002055,0.0021879
2024-01-11,0.0021865,0.002268,0.0021304,0.002156
2024-01-12,0.0021557,0.0022075,0.0020924,0.0021527
2024-01-13,0.0021528,0.0022632,0.002102,0.0022374
2024-01-14,0.0022366,0.002396,0.00221,0.0022469
2024-01-15,0.0022501,0.0022826,0.0022022,0.00222
2024-01-16,0.002219,0.0023,0.002219,0.0022618
2024-01-17,0.0022633,0.0024058,0.00226,0.0023867
2024-01-18,0.0023882,0.002424,0.00224,0.0022839
2024-01-19,0.0022839,0.0023039,0.0021582,0.0022486
2024-01-20,0.0022478,0.0022611,0.0021735,0.0022274
2024-01-21,0.0022262,0.0022478,0.0021851,0.0021907
2024-01-22,0.0021908,0.0022049,0.002079,0.0021198
2024-01-23,0.0021182,0.0021421,0.002034,0.002114
2024-01-24,0.002115,0.0022263,0.0021014,0.002215
2024-01-25,0.0022152,0.0022359,0.0021509,0.0021753
2024-01-26,0.0021744,0.00225,0.0021595,0.002206
2024-01-27,0.0022067,0.0022419,0.0021807,0.0022379
2024-01-28,0.0022378,0.002331,0.0022225,0.0022831
2024-01-29,0.0022833,0.0023615,0.0022658,0.0023478
2024-01-30,0.0023485,0.0024451,0.0023391,0.002362
2024-01-31,0.0023611,0.0023691,0.0022677,0.0022788
2024-02-01,0.002277,0.0022957,0.0022211,0.00227
2024-02-02,0.0022707,0.0023745,0.0022619,0.0023283
2024-02-03,0.00233,0.0023339,0.002252,0.002278
2024-02-04,0.0022774,0.0022908,0.0022373,0.0022419
2024-02-05,0.002242,0.0022724,0.0022235,0.0022395
2024-02-06,0.0022395,0.0022685,0.0021798,0.0022475
2024-02-07,0.0022476,0.0022957,0.0022059,0.0022803
2024-02-08,0.0022803,0.0023277,0.002254,0.0022688
2024-02-09,0.0022689,0.0022981,0.0022031,0.0022687
2024-02-10,0.0022687,0.0023413,0.0022663,0.002283
2024-02-11,0.002283,0.0022908,0.0022248,0.0022251
2024-02-12,0.0022252,0.0022452,0.0021572,0.002237
2024-02-13,0.002237,0.0022984,0.0022362,0.0022633
2024-02-14,0.0022632,0.0022975,0.0022334,0.0022591
2024-02-15,0.002259,0.0022608,0.002163,0.002188
2024-02-16,0.0021879,0.0021904,0.0020855,0.0021167
2024-02-17,0.0021168,0.002138,0.0020719,0.0021089
2024-02-18,0.002109,0.0021965,0.0020934,0.0021528
2024-02-19,0.0021528,0.0021963,0.002125,0.0021544
2024-02-20,0.0021544,0.002164,0.0020146,0.0020727
2024-02-21,0.0020728,0.0020736,0.0019717,0.0020261
2024-02-22,0.0020261,0.0020655,0.001978,0.0019835
2024-02-23,0.0019838,0.0020101,0.0019474,0.0019692
2024-02-24,0.0019686,0.0020289,0.0019441,0.0020169
2024-02-25,0.0020168,0.0020182,0.001977,0.002
2024-02-26,0.0019999,0.0020588,0.0019623,0.0020174
2024-02-27,0.0020174,0.002056,0.0018536,0.0018999
2024-02-28,0.0019001,0.0019389,0.0018,0.0019074
2024-02-29,0.0019071,0.0021366,0.0018948,0.002055
2024-03-01,0.0020555,0.0022394,0.0020543,0.0020744
2024-03-02,0.0020751,0.002114,0.0020532,0.0020976
2024-03-03,0.0020975,0.0021248,0.0020162,0.0020629
2024-03-04,0.0020637,0.0020887,0.0019037,0.0019527
2024-03-05,0.0019533,0.0021274,0.0017998,0.0019673
2024-03-06,0.0019665,0.0020174,0.0019023,0.001979
2024-03-07,0.0019792,0.0022281,0.0019785,0.0021519
2024-03-08,0.0021522,0.0022313,0.002092,0.0021248
2024-03-09,0.0021251,0.0021829,0.0021004,0.002112
2024-03-10,0.002112,0.00215,0.002048,0.0020943
2024-03-11,0.0020943,0.0021075,0.0020148,0.0020647
2024-03-12,0.0020649,0.0021669,0.0020392,0.002114
2024-03-13,0.0021141,0.0022765,0.002062,0.0022426
2024-03-14,0.0022425,0.0024918,0.002236,0.0024743
2024-03-15,0.0024747,0.0027078,0.0024696,0.0026465
2024-03-16,0.0026465,0.0028896,0.002588,0.002788
2024-03-17,0.0027878,0.0029913,0.0027435,0.0029519
2024-03-18,0.0029505,0.003101,0.0028835,0.002897
2024-03-19,0.0028973,0.0029195,0.0026346,0.0027419
2024-03-20,0.002742,0.002839,0.0026523,0.0028267
2024-03-21,0.0028265,0.0028893,0.0027152,0.0027399
2024-03-22,0.0027397,0.0027572,0.0026575,0.0027452
2024-03-23,0.0027453,0.0027716,0.00266,0.0026978
2024-03-24,0.0026979,0.0027743,0.0026569,0.0027356
2024-03-25,0.0027357,0.0028526,0.002696,0.0027041
2024-03-26,0.002704,0.002786,0.002678,0.0027216
2024-03-27,0.0027211,0.0027294,0.0026251,0.0026823
2024-03-28,0.0026821,0.0026915,0.0025915,0.0026787
2024-03-29,0.0026792,0.0027635,0.0026267,0.0027485
2024-03-30,0.0027492,0.0028573,0.0027336,0.0027908
2024-03-31,0.0027908,0.0028507,0.0027716,0.0028405
2024-04-01,0.0028403,0.0028832,0.0027319,0.0027607
2024-04-02,0.0027607,0.002826,0.0027175,0.002773
2024-04-03,0.0027729,0.0028914,0.0027415,0.0028053
2024-04-04,0.0028056,0.002824,0.0026725,0.0026866
2024-04-05,0.0026867,0.0026957,0.0025359,0.0025712
2024-04-06,0.0025712,0.0026265,0.0025636,0.0025941
2024-04-07,0.0025934,0.0026244,0.002563,0.0025885
2024-04-08,0.0025885,0.0025886,0.0024865,0.0025229
2024-04-09,0.0025227,0.002579,0.0024605,0.0024931
2024-04-10,0.0024931,0.0025005,0.0024031,0.0024538
2024-04-11,0.0024538,0.002512,0.0024214,0.0024623
2024-04-12,0.0024618,0.0024785,0.002164,0.002282
2024-04-13,0.0022822,0.002291,0.0019206,0.0021653
2024-04-14,0.0021654,0.0023297,0.0020948,0.002305
2024-04-15,0.0023036,0.0023495,0.002129,0.0021835
2024-04-16,0.0021836,0.0022015,0.0020501,0.0021358
2024-04-17,0.0021354,0.00224,0.0021025,0.0021511
2024-04-18,0.0021514,0.0022653,0.0020975,0.0022379
2024-04-19,0.0022383,0.0022866,0.0021394,0.0022314
2024-04-20,0.002232,0.0023449,0.002207,0.0023287
2024-04-21,0.0023285,0.0023449,0.0022803,0.0022915
2024-04-22,0.0022911,0.0023618,0.0022681,0.0023485
2024-04-23,0.0023489,0.0023959,0.0023144,0.0023301
2024-04-24,0.00233,0.0023965,0.002265,0.0022987
2024-04-25,0.0022987,0.0023118,0.0022444,0.0022459
2024-04-26,0.0022461,0.00226,0.0021761,0.0021832
2024-04-27,0.0021832,0.0022545,0.002125,0.002227
2024-04-28,0.002227,0.002261,0.0021812,0.0021859
2024-04-29,0.0021859,0.0021947,0.0021252,0.0021574
2024-04-30,0.0021575,0.0021627,0.0020258,0.0020894
2024-05-01,0.0020893,0.0023269,0.0020575,0.0023074
2024-05-02,0.0023078,0.002374,0.0022411,0.0023303
2024-05-03,0.0023291,0.002371,0.0022736,0.0022851
2024-05-04,0.0022852,0.002332,0.0022701,0.0022862
2024-05-05,0.0022868,0.002308,0.0022688,0.0022765
2024-05-06,0.0022766,0.0024511,0.0022765,0.0024199
2024-05-07,0.0024201,0.0024749,0.0023731,0.0023756
2024-05-08,0.0023758,0.0023915,0.0022769,0.0023231
2024-05-09,0.0023234,0.0024313,0.0023111,0.0024195
2024-05-10,0.0024191,0.002459,0.0023811,0.0024024
2024-05-11,0.0024024,0.0024176,0.0023606,0.0023907
2024-05-12,0.0023905,0.0024203,0.0023325,0.002333
2024-05-13,0.0023331,0.0023769,0.002264,0.0023438
2024-05-14,0.0023438,0.0023919,0.0023005,0.0023069
2024-05-15,0.002307,0.0023957,0.0022969,0.0023941
2024-05-16,0.0023939,0.002482,0.0023837,0.002442
2024-05-17,0.0024424,0.002605,0.0024409,0.0025278
2024-05-18,0.0025286,0.002618,0.002525,0.0025765
2024-05-19,0.0025764,0.0026135,0.0024878,0.0025649
2024-05-20,0.0025657,0.0026939,0.0025374,0.0026138
2024-05-21,0.0026129,0.0026385,0.0025125,0.0025404
2024-05-22,0.0025393,0.0026154,0.0025256,0.0025597
2024-05-23,0.0025585,0.0026665,0.0024825,0.0025922
2024-05-24,0.0025914,0.0025959,0.0024151,0.0024462
2024-05-25,0.0024462,0.0024729,0.0024086,0.0024297
2024-05-26,0.0024299,0.0024304,0.0023452,0.0023852
2024-05-27,0.0023853,0.0024635,0.0023735,0.0024506
2024-05-28,0.0024505,0.00253,0.0024355,0.0024662
2024-05-29,0.0024666,0.0025412,0.00245,0.0024883
2024-05-30,0.0024883,0.0025097,0.0024322,0.0024417
2024-05-31,0.0024415,0.002479,0.0024163,0.0024527
2024-06-01,0.0024531,0.002477,0.0024468,0.0024516
2024-06-02,0.0024517,0.0024618,0.002386,0.0024078
2024-06-03,0.0024078,0.0024155,0.002363,0.0023963
2024-06-04,0.0023962,0.0024349,0.0023748,0.0024347
2024-06-05,0.0024349,0.0024615,0.002423,0.0024405
2024-06-06,0.0024406,0.0024495,0.002385,0.0024033
2024-06-07,0.0024035,0.0024244,0.0022341,0.0023437
2024-06-08,0.0023429,0.0023561,0.00224,0.0022775
2024-06-09,0.0022769,0.0023792,0.0022637,0.0023277
2024-06-10,0.002328,0.0023284,0.0022743,0.0022873
2024-06-11,0.0022875,0.0023138,0.0021862,0.0022183
2024-06-12,0.0022184,0.0023256,0.0021743,0.002274
2024-06-13,0.0022729,0.0022729,0.0021893,0.0022058
2024-06-14,0.0022059,0.0022255,0.002129,0.0021663
2024-06-15,0.0021663,0.0021997,0.0021605,0.0021972
2024-06-16,0.0021973,0.0022699,0.002163,0.0022689
2024-06-17,0.0022689,0.0022708,0.0021338,0.0021547
2024-06-18,0.0021548,0.0021599,0.0019821,0.0021083
2024-06-19,0.0021082,0.0021615,0.0020748,0.0020875
2024-06-20,0.0020874,0.0021309,0.0020352,0.002059
2024-06-21,0.0020589,0.0021088,0.0020216,0.0020985
2024-06-22,0.0020986,0.0021208,0.0020722,0.0020806
2024-06-23,0.0020808,0.0020958,0.0020205,0.0020354
2024-06-24,0.0020354,0.002196,0.0019769,0.0021947
2024-06-25,0.0021948,0.0022675,0.0021768,0.0022098
2024-06-26,0.0022097,0.0022693,0.0022076,0.0022482
2024-06-27,0.0022482,0.0024427,0.0022284,0.0024264
2024-06-28,0.0024263,0.0024289,0.0023116,0.0023173
2024-06-29,0.0023172,0.0023481,0.0022936,0.0022998
2024-06-30,0.0022997,0.0023561,0.0022557,0.002336
2024-07-01,0.002336,0.0023632,0.0023185,0.0023317
2024-07-02,0.0023317,0.0024944,0.0023265,0.0024785
2024-07-03,0.0024786,0.0024813,0.0023271,0.0023386
2024-07-04,0.0023386,0.0023629,0.002228,0.0022409
2024-07-05,0.0022409,0.0024106,0.0021945,0.0023716
2024-07-06,0.0023715,0.002484,0.002355,0.0024561
2024-07-07,0.0024562,0.0024588,0.0023475,0.002356
2024-07-08,0.002356,0.0024954,0.002333,0.002465
2024-07-09,0.0024651,0.002497,0.002422,0.0024364
2024-07-10,0.0024364,0.0024643,0.0024149,0.0024597
2024-07-11,0.0024597,0.0024646,0.0023652,0.0023675
2024-07-12,0.0023675,0.0024099,0.002358,0.0024093
2024-07-13,0.0024092,0.0024135,0.002375,0.0023968
2024-07-14,0.0023969,0.0024395,0.0023965,0.002429
2024-07-15,0.002429,0.0024758,0.0024083,0.0024617
2024-07-16,0.0024618,0.0025184,0.0024095,0.0024695
2024-07-17,0.0024695,0.0025035,0.002415,0.0024265
2024-07-18,0.0024264,0.002502,0.0024264,0.0024887
2024-07-19,0.0024887,0.002598,0.002467,0.002537
2024-07-20,0.0025367,0.0026076,0.0025195,0.002586
2024-07-21,0.0025861,0.0027155,0.0025647,0.002706
2024-07-22,0.0027065,0.0027113,0.0026136,0.0026484
2024-07-23,0.0026484,0.0026676,0.0025915,0.002624
2024-07-24,0.0026239,0.0027375,0.0026006,0.0027234
2024-07-25,0.0027231,0.0027369,0.0025686,0.0026116
2024-07-26,0.0026115,0.0027042,0.002581,0.0026952
2024-07-27,0.0026955,0.002756,0.0026284,0.0027082
2024-07-28,0.0027084,0.0027467,0.0026875,0.0027097
2024-07-29,0.0027096,0.0027941,0.002695,0.0027338
2024-07-30,0.0027339,0.0027679,0.0026805,0.002707
2024-07-31,0.002707,0.0027819,0.0026556,0.0026567
2024-08-01,0.0026561,0.0026723,0.002514,0.0025615
2024-08-02,0.0025615,0.0025839,0.0024,0.0024845
2024-08-03,0.0024843,0.002498,0.002313,0.0023478
2024-08-04,0.0023478,0.0024208,0.0022555,0.002378
2024-08-05,0.0023785,0.0024635,0.002155,0.002403
2024-08-06,0.0024028,0.0026309,0.002398,0.0025775
2024-08-07,0.0025775,0.0027108,0.00255,0.0026257
2024-08-08,0.0026254,0.0027363,0.0025661,0.0026446
2024-08-09,0.0026445,0.0026515,0.0025182,0.0025693
2024-08-10,0.0025693,0.0025866,0.0025226,0.0025278
2024-08-11,0.002528,0.0025645,0.0023981,0.0024103
2024-08-12,0.0024103,0.0025236,0.002407,0.0024651
2024-08-13,0.0024651,0.0024915,0.0024025,0.0024205
2024-08-14,0.0024205,0.0024863,0.002369,0.002449
2024-08-15,0.0024486,0.0025045,0.0023869,0.0024775
2024-08-16,0.0024779,0.0024819,0.0023295,0.0023616
2024-08-17,0.0023613,0.0023905,0.0023384,0.0023857
2024-08-18,0.0023852,0.002458,0.00237,0.0024371
2024-08-19,0.0024365,0.002466,0.0024133,0.002427
2024-08-20,0.0024269,0.002434,0.00239,0.0024109
2024-08-21,0.002411,0.0024145,0.0023271,0.0023345
2024-08-22,0.0023349,0.0023748,0.0023333,0.0023724
2024-08-23,0.0023724,0.002397,0.0023382,0.002393
2024-08-24,0.0023931,0.0025285,0.0023856,0.0025048
2024-08-25,0.0025046,0.0025116,0.0024334,0.0024745
2024-08-26,0.0024744,0.0025359,0.0024595,0.0025002
2024-08-27,0.0025005,0.002528,0.0024436,0.0024705
2024-08-28,0.0024703,0.0025063,0.002405,0.0024379
2024-08-29,0.0024381,0.0024481,0.002336,0.0023585
2024-08-30,0.0023585,0.0023745,0.0022737,0.0023339
2024-08-31,0.002334,0.0023425,0.002287,0.0022951
2024-09-01,0.0022951,0.0023221,0.0022312,0.0022431
2024-09-02,0.002243,0.0022875,0.002211,0.002282
2024-09-03,0.002282,0.0023015,0.0022131,0.0022188
2024-09-04,0.0022188,0.0023249,0.0022,0.0023052
2024-09-05,0.0023049,0.002367,0.0022857,0.0023039
2024-09-06,0.0023034,0.0023712,0.0022862,0.0023169
2024-09-07,0.002317,0.0023668,0.0023098,0.0023585
2024-09-08,0.0023586,0.002396,0.0023501,0.0023711
2024-09-09,0.0023715,0.0023755,0.0023135,0.0023676
2024-09-10,0.0023676,0.0023845,0.002342,0.0023533
2024-09-11,0.0023535,0.0023615,0.0022902,0.002309
2024-09-12,0.002309,0.0023475,0.002304,0.0023405
2024-09-13,0.0023405,0.0023409,0.0022803,0.0022984
2024-09-14,0.0022975,0.0023137,0.0022794,0.0022862
2024-09-15,0.002286,0.002291,0.0022056,0.0022224
2024-09-16,0.0022221,0.0022756,0.00222,0.002258
2024-09-17,0.0022577,0.0022695,0.0021713,0.0021811
2024-09-18,0.002181,0.002185,0.0021361,0.0021744
2024-09-19,0.0021748,0.0022799,0.0021595,0.0022695
2024-09-20,0.00227,0.0023912,0.0022495,0.002321
2024-09-21,0.002321,0.0023649,0.0023023,0.0023589
2024-09-22,0.0023587,0.002363,0.0022585,0.0022749
2024-09-23,0.002275,0.0023112,0.002251,0.0022856
2024-09-24,0.0022857,0.0023835,0.0022788,0.0023763
2024-09-25,0.0023766,0.002392,0.0023382,0.0023433
2024-09-26,0.0023433,0.0024161,0.0023324,0.0023867
2024-09-27,0.0023868,0.0024285,0.0023715,0.0023969
2024-09-28,0.0023969,0.002409,0.002364,0.0023799
2024-09-29,0.00238,0.0024515,0.0023697,0.0024157
2024-09-30,0.0024161,0.0024596,0.0024035,0.0024088
2024-10-01,0.0024087,0.0024605,0.0023321,0.002387
2024-10-02,0.0023865,0.0024118,0.002294,0.0023115
2024-10-03,0.0023116,0.0023288,0.00221,0.0022521
2024-10-04,0.0022518,0.002323,0.0022455,0.0023058
2024-10-05,0.0023065,0.00233,0.0022854,0.0022979
2024-10-06,0.0022979,0.0023375,0.0022921,0.002332
2024-10-07,0.0023315,0.0023682,0.0023047,0.0023134
2024-10-08,0.0023138,0.002322,0.0022796,0.0023083
2024-10-09,0.0023084,0.002326,0.0022703,0.0022975
2024-10-10,0.0022978,0.0023149,0.0022454,0.0023054
2024-10-11,0.0023054,0.0023378,0.002304,0.0023273
2024-10-12,0.0023273,0.002336,0.0023097,0.0023163
2024-10-13,0.002316,0.0023667,0.0023146,0.0023503
2024-10-14,0.0023506,0.0023931,0.0023462,0.0023845
2024-10-15,0.0023846,0.0023977,0.0022899,0.0023049
2024-10-16,0.002307,0.0023185,0.0022735,0.0022811
2024-10-17,0.0022813,0.0022948,0.0022091,0.0022324
2024-10-18,0.0022324,0.0022735,0.0022268,0.002264
2024-10-19,0.0022641,0.002337,0.0022507,0.0023361
2024-10-20,0.0023363,0.0024297,0.002307,0.0024245
2024-10-21,0.0024245,0.0024835,0.002399,0.0024662
2024-10-22,0.0024661,0.0025272,0.0024481,0.0024854
2024-10-23,0.0024855,0.0026185,0.0024511,0.0025627
2024-10-24,0.0025629,0.002626,0.0025577,0.0025982
2024-10-25,0.0025979,0.0026053,0.002426,0.0024731
2024-10-26,0.002473,0.002575,0.0024434,0.0025464
2024-10-27,0.0025463,0.002621,0.0025412,0.0025972
2024-10-28,0.0025973,0.0026021,0.0025155,0.0025483
2024-10-29,0.0025481,0.0025735,0.00245,0.0024667
2024-10-30,0.0024666,0.0025043,0.0024105,0.0024178
2024-10-31,0.0024175,0.0024364,0.002388,0.0023992
2024-11-01,0.002399,0.0024374,0.0023587,0.0023894
2024-11-02,0.0023894,0.0024121,0.0023446,0.0023957
2024-11-03,0.0023957,0.0024034,0.0023328,0.0023625
2024-11-04,0.0023626,0.0023934,0.0023103,0.0023279
2024-11-05,0.0023281,0.00241,0.0023218,0.0024019
2024-11-06,0.0024019,0.0025364,0.0023967,0.002469
2024-11-07,0.0024691,0.0025915,0.002463,0.0025883
2024-11-08,0.0025884,0.0026916,0.0025798,0.0026123
2024-11-09,0.0026124,0.0026596,0.002572,0.0026066
2024-11-10,0.0026066,0.0026754,0.0025417,0.0026136
2024-11-11,0.0026137,0.00268,0.0024641,0.0025054
2024-11-12,0.0025052,0.0025258,0.00237,0.0024066
2024-11-13,0.0024065,0.0024175,0.0023027,0.0023805
2024-11-14,0.0023806,0.002459,0.0023496,0.0024
2024-11-15,0.0023995,0.0024135,0.0023342,0.0023995
2024-11-16,0.0024,0.002432,0.0023568,0.0023806
2024-11-17,0.0023806,0.0026661,0.0023723,0.0026429
2024-11-18,0.0026428,0.0027111,0.0025962,0.002651
2024-11-19,0.002651,0.0026936,0.0025454,0.0025748
2024-11-20,0.0025746,0.0025789,0.0024632,0.0024966
2024-11-21,0.0024967,0.0026547,0.0024401,0.002608
2024-11-22,0.0026081,0.0026719,0.0025352,0.0025977
2024-11-23,0.0025978,0.002681,0.002574,0.0026096
2024-11-24,0.0026098,0.0026463,0.002499,0.0025813
2024-11-25,0.0025806,0.0025999,0.002487,0.0025175
2024-11-26,0.0025175,0.0025355,0.0024234,0.002509
2024-11-27,0.0025085,0.0025333,0.002461,0.0025247
2024-11-28,0.0025244,0.00255,0.0024523,0.0024845
2024-11-29,0.0024842,0.0025345,0.002472,0.0024964
2024-11-30,0.0024967,0.0025328,0.0024641,0.0024647
2024-12-01,0.0024646,0.0024839,0.0024205,0.0024364
2024-12-02,0.0024363,0.0024379,0.0023176,0.0023564
2024-12-03,0.0023557,0.0024933,0.0022977,0.0024402
2024-12-04,0.0024403,0.002506,0.0022834,0.0023242
2024-12-05,0.0023242,0.0024809,0.0022522,0.0024328
2024-12-06,0.0024328,0.0025223,0.002342,0.0023748
2024-12-07,0.0023749,0.0024455,0.0023491,0.0023854
2024-12-08,0.0023854,0.0024113,0.0023415,0.0023441
2024-12-09,0.0023442,0.002353,0.0021528,0.0022272
2024-12-10,0.002227,0.0022515,0.0021481,0.0022115
2024-12-11,0.0022114,0.0023045,0.0022066,0.0022477
2024-12-12,0.0022476,0.0023138,0.0022428,0.0022692
2024-12-13,0.0022692,0.002293,0.0021818,0.0022165
2024-12-14,0.0022155,0.0022319,0.0021364,0.0021684
2024-12-15,0.0021688,0.0021757,0.002106,0.0021467
2024-12-16,0.0021465,0.0021559,0.0020268,0.0020386
2024-12-17,0.0020385,0.0021509,0.001999,0.0021026
2024-12-18,0.002103,0.0021233,0.0020333,0.002061
2024-12-19,0.0020613,0.002087,0.0019423,0.0019889
2024-12-20,0.0019891,0.00205,0.0018761,0.0019886
2024-12-21,0.0019882,0.0020313,0.0018427,0.001865
2024-12-22,0.0018656,0.0019314,0.0018536,0.001896
2024-12-23,0.0018964,0.0020593,0.001878,0.0020036
2024-12-24,0.0020037,0.0020584,0.0019815,0.001998
2024-12-25,0.0019978,0.0020561,0.0019847,0.001986
2024-12-26,0.0019858,0.002009,0.0019576,0.0019674
2024-12-27,0.0019669,0.0020008,0.0019399,0.0019538
2024-12-28,0.0019537,0.0020547,0.0019497,0.0020511
2024-12-29,0.0020514,0.0020764,0.0020211,0.0020266
2024-12-30,0.0020263,0.0020801,0.0020215,0.0020619
2024-12-31,0.0020622,0.0020989,0.002023,0.0020232
2025-01-01,0.0020232,0.0020567,0.0020178,0.002054
2025-01-02,0.002054,0.002169,0.0020478,0.0021476
2025-01-03,0.0021477,0.0022505,0.0021255,0.0022203
2025-01-04,0.0022203,0.002225,0.0021882,0.0022058
2025-01-05,0.0022058,0.0022324,0.0021645,0.0021698
2025-01-06,0.00217,0.0022044,0.0021314,0.0021345
2025-01-07,0.0021348,0.0021453,0.0020838,0.0020852
2025-01-08,0.0020854,0.0020943,0.0020266,0.0020772
2025-01-09,0.0020772,0.0020923,0.0019921,0.0019985
2025-01-10,0.0019988,0.0020359,0.0019681,0.0019816
2025-01-11,0.0019817,0.0020234,0.0019515,0.0019873
2025-01-12,0.0019881,0.0020092,0.0019684,0.0019938
2025-01-13,0.0019941,0.002005,0.0018929,0.0019342
2025-01-14,0.0019343,0.0019688,0.0019215,0.0019422
2025-01-15,0.0019422,0.0020535,0.0019218,0.0020484
2025-01-16,0.0020485,0.002186,0.0020114,0.0021115
2025-01-17,0.0021115,0.0021605,0.0020477,0.0021096
2025-01-18,0.0021095,0.002585,0.0020813,0.002506
2025-01-19,0.0025064,0.0028182,0.002358,0.0024899
2025-01-20,0.0024904,0.0025098,0.0022581,0.002368
2025-01-21,0.002368,0.0024353,0.0022723,0.0023582
2025-01-22,0.0023579,0.002608,0.0023462,0.0024823
2025-01-23,0.0024823,0.0024926,0.0023556,0.0024358
2025-01-24,0.0024359,0.0025627,0.0024021,0.0024165
2025-01-25,0.0024164,0.002481,0.0023619,0.0024475
2025-01-26,0.0024474,0.0024741,0.0023383,0.0023435
2025-01-27,0.0023432,0.0023504,0.0022437,0.0023015
2025-01-28,0.0023014,0.0023618,0.0022584,0.0022702