time,open,high,low,close,Volume
2023-05-03,1.57785597,1.67850119,1.2360411,1.40606857,NaN
2023-05-04,1.40684222,1.53505484,1.29878884,1.33049937,NaN
2023-05-05,1.33255558,1.37869443,1.26525659,1.3096163,NaN
2023-05-06,1.31006515,1.37820494,1.27375182,1.33609023,NaN
2023-05-07,1.33578771,1.34773725,1.22450773,1.23954176,NaN
2023-05-08,1.23984176,1.24743584,1.02617665,1.13759868,NaN
2023-05-09,1.13650435,1.21484666,1.09975229,1.18763123,NaN
2023-05-10,1.1868977,1.24419381,1.10342949,1.18129655,NaN
2023-05-11,1.18092008,1.18214169,1.03714644,1.07613065,NaN
2023-05-12,1.07610717,1.11714709,1.0144678,1.11341759,NaN
2023-05-13,1.11341759,1.1318552,1.09294884,1.10308861,NaN
2023-05-14,1.10308861,1.20000555,1.08121779,1.15984892,NaN
2023-05-15,1.15984892,1.25319903,1.13686413,1.18571962,NaN
2023-05-16,1.18845296,1.206259,1.14845816,1.162055,NaN
2023-05-17,1.162055,1.21276743,1.11883395,1.20949013,NaN
2023-05-18,1.20966513,1.21554852,1.12889337,1.14196714,NaN
2023-05-19,1.14196714,1.14793474,1.11851509,1.1313804,NaN
2023-05-20,1.13144764,1.13320686,1.1121365,1.12428726,NaN
2023-05-21,1.12433726,1.15329891,1.05306877,1.07361207,NaN
2023-05-22,1.07359957,1.07668054,1.03505644,1.05575636,NaN
2023-05-23,1.05603136,1.08740913,1.02809496,1.04913036,NaN
2023-05-24,1.04920004,1.04920004,0.9523257,0.98109522,NaN
2023-05-25,0.98098387,1.00992821,0.95025701,0.98245494,NaN
2023-05-26,0.98245494,1.00828908,0.96485037,0.99171621,NaN
2023-05-27,0.99171621,1.01588852,0.9850332,0.99908973,NaN
2023-05-28,0.99908973,1.06944518,0.9948984,1.06315305,NaN
2023-05-29,1.06320305,1.09781077,1.02465559,1.04038352,NaN
2023-05-30,1.04050756,1.06117858,0.99507773,1.00347217,NaN
2023-05-31,1.00327217,1.00821902,0.94820946,0.97283332,NaN
2023-06-01,0.97292312,0.97527834,0.94314913,0.94619671,NaN
2023-06-02,0.94604141,0.96053478,0.90860465,0.94208375,NaN
2023-06-03,0.94194291,0.95139098,0.90903163,0.93287464,NaN
2023-06-04,0.93267545,0.97149578,0.93148313,0.9622699,NaN
2023-06-05,0.96138777,0.96631726,0.75116454,0.81920485,NaN
2023-06-06,0.81901309,0.84671021,0.75736194,0.83088267,NaN
2023-06-07,0.83092373,0.83099873,0.74662477,0.75588459,NaN
2023-06-08,0.75585959,0.79009711,0.71613844,0.73159403,NaN
2023-06-09,0.73129403,0.75562529,0.71710008,0.73916997,NaN
2023-06-10,0.73948919,0.74014121,0.51187697,0.60992394,NaN
2023-06-11,0.60993256,0.62137308,0.58858644,0.6031838,NaN
2023-06-12,0.6033588,0.68588521,0.57325999,0.66354824,NaN
2023-06-13,0.6636696,0.72636118,0.66313766,0.69668139,NaN
2023-06-14,0.69668387,0.70888072,0.62963682,0.65032142,NaN
2023-06-15,0.65034642,0.65796745,0.62098845,0.64965173,NaN
2023-06-16,0.64957243,0.72102984,0.6306178,0.70590641,NaN
2023-06-17,0.70577204,0.77896751,0.70454994,0.754932,NaN
2023-06-18,0.75473512,0.79073667,0.71547162,0.71933126,NaN
2023-06-19,0.7192953,0.78754213,0.71224117,0.78293565,NaN
2023-06-20,0.78243958,0.82627413,0.75032206,0.81834852,NaN
2023-06-21,0.8183609,0.84744419,0.77081369,0.82869883,NaN
2023-06-22,0.82864267,0.87399524,0.80023763,0.80784117,NaN
2023-06-23,0.80782829,0.83033612,0.78108397,0.79850001,NaN
2023-06-24,0.79832484,0.79832484,0.73777298,0.75219841,NaN
2023-06-25,0.75268341,0.77538215,0.74406769,0.74543712,NaN
2023-06-26,0.74543333,0.7571913,0.71245436,0.72320523,NaN
2023-06-27,0.72307152,0.75402668,0.70467871,0.72286687,NaN
2023-06-28,0.72283616,0.72283616,0.64337859,0.66294,NaN
2023-06-29,0.66278069,0.71261119,0.66247645,0.6809303,NaN
2023-06-30,0.6808803,0.70840034,0.63607742,0.68671823,NaN
2023-07-01,0.68720273,0.68727893,0.67206373,0.68525416,NaN
2023-07-02,0.68525416,0.69151119,0.66163475,0.68986138,NaN
2023-07-03,0.68998638,0.70860268,0.68891084,0.69943199,NaN
2023-07-04,0.69996262,0.73070396,0.68527755,0.69014878,NaN
2023-07-05,0.69020424,0.69133545,0.64671137,0.66190622,NaN
2023-07-06,0.66195622,0.67866695,0.63604887,0.65177127,NaN
2023-07-07,0.65176191,0.66570088,0.64493227,0.66097219,NaN
2023-07-08,0.66104656,0.66722471,0.64250558,0.65146652,NaN
2023-07-09,0.65159265,0.66466559,0.65008252,0.65870996,NaN
2023-07-10,0.65870996,0.6661211,0.62965787,0.65512239,NaN
2023-07-11,0.65512059,0.66719591,0.64417698,0.65455955,NaN
2023-07-12,0.65475062,0.6853992,0.64929246,0.65371559,NaN
2023-07-13,0.65379059,0.7137162,0.65141118,0.69790074,NaN
2023-07-14,0.69796362,0.76077963,0.66053545,0.68059598,NaN
2023-07-15,0.68067019,0.69744707,0.67233647,0.68532588,NaN
2023-07-16,0.68544112,0.69105269,0.66279504,0.66973887,NaN
2023-07-17,0.66969261,0.73053364,0.6669474,0.72043068,NaN
2023-07-18,0.72041837,0.78794067,0.70686677,0.73624294,NaN
2023-07-19,0.73617006,0.77221118,0.7057904,0.71028411,NaN
2023-07-20,0.71028411,0.72527977,0.68509922,0.68857064,NaN
2023-07-21,0.68792064,0.70449864,0.67642982,0.68480028,NaN
2023-07-22,0.68480028,0.70257752,0.68433411,0.69397645,NaN
2023-07-23,0.69445781,0.70218128,0.67493571,0.67795925,NaN
2023-07-24,0.67763425,0.67795354,0.60948938,0.636094,NaN
2023-07-25,0.63585008,0.64851934,0.6265651,0.63835728,NaN
2023-07-26,0.63836195,0.64276198,0.61662389,0.63469812,NaN
2023-07-27,0.63462326,0.64958104,0.62623549,0.6302043,NaN
2023-07-28,0.6302043,0.64272811,0.62608547,0.62976428,NaN
2023-07-29,0.62976428,0.64100897,0.6259559,0.63895431,NaN
2023-07-30,0.63892193,0.63963798,0.60035923,0.62058419,NaN
2023-07-31,0.62059252,0.63144085,0.61384153,0.63072256,NaN
2023-08-01,0.63044756,0.64614728,0.61378384,0.64575459,NaN
2023-08-02,0.6460496,0.64706234,0.60872423,0.61385612,NaN
2023-08-03,0.61377253,0.61648737,0.58532147,0.59186889,NaN
2023-08-04,0.59189389,0.59997605,0.57954542,0.59064041,NaN
2023-08-05,0.59056541,0.59082929,0.58278462,0.5908117,NaN
2023-08-06,0.5909867,0.60666503,0.59023472,0.59181692,NaN
2023-08-07,0.59216691,0.59493904,0.56118799,0.5820275,NaN
2023-08-08,0.58202939,0.60197963,0.57610103,0.59421055,NaN
2023-08-09,0.5942126,0.62325999,0.5896742,0.59445906,NaN
2023-08-10,0.59445464,0.60442117,0.58813081,0.60418384,NaN
2023-08-11,0.604232,0.61422698,0.59670559,0.6045489,NaN
2023-08-12,0.60447954,0.61313595,0.60249634,0.60747273,NaN
2023-08-13,0.60719773,0.61246424,0.59680341,0.59999918,NaN
2023-08-14,0.59934917,0.60339513,0.59159793,0.59950492,NaN
2023-08-15,0.59951291,0.60204713,0.53941803,0.56069428,NaN
2023-08-16,0.56069491,0.57740993,0.51134204,0.52561326,NaN
2023-08-17,0.52561326,0.53557595,0.44276438,0.47559826,NaN
2023-08-18,0.47561686,0.48603236,0.46635089,0.48358773,NaN
2023-08-19,0.48322661,0.56325702,0.48288759,0.55780436,NaN
2023-08-20,0.55806955,0.57265478,0.53734427,0.54277503,NaN
2023-08-21,0.54257323,0.5442749,0.50137724,0.51521007,NaN
2023-08-22,0.51523507,0.55727116,0.50594158,0.53588929,NaN
2023-08-23,0.53596876,0.62239214,0.53585356,0.6019418,NaN
2023-08-24,0.60175214,0.61944991,0.55706245,0.57230274,NaN
2023-08-25,0.57230017,0.57230022,0.53478146,0.55591709,NaN
2023-08-26,0.5563994,0.6013403,0.54794941,0.58788464,NaN
2023-08-27,0.58770964,0.5929317,0.57468241,0.58227926,NaN
2023-08-28,0.58218193,0.58220692,0.53815758,0.54709571,NaN
2023-08-29,0.54683009,0.55112382,0.50726184,0.54636925,NaN
2023-08-30,0.54634139,0.54671812,0.51653157,0.52418674,NaN
2023-08-31,0.52410576,0.52410576,0.48330385,0.50132697,NaN
2023-09-01,0.50128953,0.51511491,0.48122767,0.48802705,NaN
2023-09-02,0.48802705,0.50021151,0.48307235,0.49018867,NaN
2023-09-03,0.49021367,0.50150056,0.47320181,0.48360244,NaN
2023-09-04,0.48360244,0.49290982,0.47277416,0.48180764,NaN
2023-09-05,0.48233264,0.4921685,0.46807217,0.49125618,NaN
2023-09-06,0.49126251,0.49679303,0.4746699,0.47867009,NaN
2023-09-07,0.47877791,0.48659888,0.47733389,0.48551951,NaN
2023-09-08,0.48551951,0.49027722,0.47369514,0.48147811,NaN
2023-09-09,0.48128923,0.48355993,0.47830379,0.48049988,NaN
2023-09-10,0.48034088,0.48042029,0.44591276,0.4544661,NaN
2023-09-11,0.45452273,0.45467315,0.41901125,0.42643096,NaN
2023-09-12,0.42643722,0.45666544,0.42466822,0.42817004,NaN
2023-09-13,0.42807004,0.44237337,0.41944157,0.44099639,NaN
2023-09-14,0.44121885,0.45129241,0.43651082,0.44534727,NaN
2023-09-15,0.44535022,0.44682317,0.43323943,0.4458488,NaN
2023-09-16,0.44597566,0.46567126,0.44586158,0.46511422,NaN
2023-09-17,0.46508834,0.46511334,0.4258954,0.43458994,NaN
2023-09-18,0.43437923,0.45326197,0.42670873,0.44941557,NaN
2023-09-19,0.44954772,0.45518158,0.44721116,0.45422988,NaN
2023-09-20,0.45422988,0.4550008,0.4374339,0.44713399,NaN
2023-09-21,0.44700927,0.45631966,0.4350068,0.43992805,NaN
2023-09-22,0.44029276,0.44511666,0.43525844,0.44502509,NaN
2023-09-23,0.44502509,0.44994629,0.44016662,0.44537993,NaN
2023-09-24,0.44535493,0.46458969,0.43665066,0.43839225,NaN
2023-09-25,0.43831725,0.44830935,0.43333694,0.44245772,NaN
2023-09-26,0.44263272,0.44444982,0.43450254,0.43827522,NaN
2023-09-27,0.43827522,0.44336679,0.42846745,0.43730932,NaN
2023-09-28,0.4373827,0.44912015,0.43514356,0.44685573,NaN
2023-09-29,0.44688524,0.49589591,0.44469725,0.482354,NaN
2023-09-30,0.48227813,0.48271353,0.46319158,0.47171302,NaN
2023-10-01,0.47179669,0.50776758,0.46545428,0.50625058,NaN
2023-10-02,0.50619647,0.50669647,0.45947214,0.46729366,NaN
2023-10-03,0.46716866,0.4675875,0.43328516,0.44459906,NaN
2023-10-04,0.44434906,0.445136,0.42651637,0.4424454,NaN
2023-10-05,0.44240233,0.44863632,0.43320693,0.43531313,NaN
2023-10-06,0.43532058,0.44793927,0.43351147,0.44325854,NaN
2023-10-07,0.44327151,0.45889283,0.43871445,0.4426837,NaN
2023-10-08,0.4426837,0.44405731,0.43515201,0.43801414,NaN
2023-10-09,0.43801237,0.4384941,0.40253834,0.41625147,NaN
2023-10-10,0.41651141,0.41827315,0.41195441,0.41608355,NaN
2023-10-11,0.41590855,0.41665419,0.40275467,0.40969662,NaN
2023-10-12,0.40962162,0.41260003,0.40193808,0.40802149,NaN
2023-10-13,0.40751522,0.42333787,0.40664954,0.41374765,NaN
2023-10-14,0.41314765,0.41914329,0.41226174,0.41591051,NaN
2023-10-15,0.4158049,0.41585497,0.40608855,0.41003248,NaN
2023-10-16,0.41003248,0.42787309,0.40613451,0.41158167,NaN
2023-10-17,0.41125667,0.41133419,0.37308027,0.38089916,NaN
2023-10-18,0.3808708,0.38922774,0.365111,0.38210838,NaN
2023-10-19,0.38218338,0.38218338,0.36305548,0.36919378,NaN
2023-10-20,0.3691537,0.3874472,0.36733229,0.38455612,NaN
2023-10-21,0.38448112,0.39925648,0.3832225,0.3906571,NaN
2023-10-22,0.3905821,0.41733776,0.38864893,0.40356037,NaN
2023-10-23,0.40356384,0.42000228,0.39576586,0.41998049,NaN
2023-10-24,0.42040549,0.45783708,0.41572574,0.43301658,NaN
2023-10-25,0.43323163,0.45021502,0.42053226,0.43595361,NaN
2023-10-26,0.43626969,0.4608703,0.41821716,0.44071193,NaN
2023-10-27,0.44013693,0.4552625,0.42239848,0.43203205,NaN
2023-10-28,0.43199227,0.47792775,0.43199227,0.4675542,NaN
2023-10-29,0.46752715,0.46795658,0.45155676,0.4536909,NaN
2023-10-30,0.45378887,0.47273344,0.44432404,0.46280473,NaN
2023-10-31,0.46293798,0.47778886,0.42073197,0.44313619,NaN
2023-11-01,0.44308619,0.47222034,0.42644188,0.46490897,NaN
2023-11-02,0.46586898,0.47950811,0.44363671,0.45760209,NaN
2023-11-03,0.45740209,0.45795209,0.4338627,0.45465707,NaN
2023-11-04,0.45395707,0.51937562,0.45201784,0.50469293,NaN
2023-11-05,0.50549293,0.5231049,0.48380404,0.5025157,NaN
2023-11-06,0.5013657,0.53689486,0.48869905,0.52702267,NaN
2023-11-07,0.52663063,0.52835698,0.49311322,0.52276485,NaN
2023-11-08,0.52240483,0.60049454,0.51839241,0.58019676,NaN
2023-11-09,0.57963072,0.60732188,0.48588582,0.56114215,NaN
2023-11-10,0.56112714,0.62535922,0.53534439,0.60961152,NaN
2023-11-11,0.60964398,0.61382563,0.569027,0.5924582,NaN
2023-11-12,0.59251019,0.64419603,0.55844299,0.61807177,NaN
2023-11-13,0.61861166,0.65690472,0.60385925,0.60503819,NaN
2023-11-14,0.60532426,0.62913108,0.5421185,0.56676549,NaN
2023-11-15,0.5673319,0.62047187,0.56012631,0.618971,NaN
2023-11-16,0.61933331,0.64128118,0.55123894,0.56561327,NaN
2023-11-17,0.56561327,0.58616447,0.52514882,0.55408416,NaN
2023-11-18,0.554089,0.55471626,0.51438917,0.54665419,NaN
2023-11-19,0.54663418,0.56646226,0.52873715,0.5635208,NaN
2023-11-20,0.5635208,0.57875658,0.54405215,0.55502668,NaN
2023-11-21,0.55500667,0.58246595,0.50021205,0.50281337,NaN
2023-11-22,0.50288008,0.56365783,0.50091023,0.55649459,NaN
2023-11-23,0.55654325,0.59505628,0.55217112,0.58853146,NaN
2023-11-24,0.58854373,0.64153564,0.58172893,0.62724026,NaN
2023-11-25,0.62724026,0.68922475,0.62198402,0.65592718,NaN
2023-11-26,0.65592718,0.66947603,0.60860231,0.63531692,NaN
2023-11-27,0.63539864,0.64735552,0.5774278,0.59344106,NaN
2023-11-28,0.59346607,0.62958537,0.56398715,0.61820715,NaN
2023-11-29,0.61820715,0.62340021,0.57854667,0.60155058,NaN
2023-11-30,0.60155058,0.64113538,0.58801875,0.5972654,NaN
2023-12-01,0.59728463,0.62752166,0.59142081,0.61325424,NaN
2023-12-02,0.61325424,0.63403731,0.60430066,0.62572437,NaN
2023-12-03,0.62572437,0.63017716,0.59921354,0.61539366,NaN
2023-12-04,0.6153894,0.63878374,0.557484,0.62915728,NaN
2023-12-05,0.62909621,0.65883136,0.61750362,0.64425031,NaN
2023-12-06,0.64419031,0.6611285,0.60457819,0.62056909,NaN
2023-12-07,0.62047407,0.68653383,0.60573711,0.67163521,NaN
2023-12-08,0.67163521,0.71486394,0.66889309,0.70327222,NaN
2023-12-09,0.70328589,0.72507842,0.67220306,0.67805473,NaN
2023-12-10,0.67805473,0.71564658,0.66774982,0.69259868,NaN
2023-12-11,0.69255366,0.71342313,0.60780095,0.62917116,NaN
2023-12-12,0.62917116,0.66290319,0.61963493,0.65929407,NaN
2023-12-13,0.65927979,0.66574022,0.6055677,0.6525265,NaN
2023-12-14,0.65251817,0.67005068,0.63052381,0.65454934,NaN
2023-12-15,0.65454934,0.65547978,0.61567827,0.61741595,NaN
2023-12-16,0.61745079,0.64958803,0.60023198,0.63225353,NaN
2023-12-17,0.63225353,0.63586977,0.60447709,0.60998173,NaN
2023-12-18,0.60994177,0.61865984,0.56440135,0.61007155,NaN
2023-12-19,0.61006323,0.71803028,0.60518333,0.6785408,NaN
2023-12-20,0.67852651,0.7450879,0.64517618,0.68786037,NaN
2023-12-21,0.68788037,0.71791667,0.67095411,0.68792699,NaN
2023-12-22,0.68783027,0.70054855,0.65703105,0.6951977,NaN
2023-12-23,0.69516913,0.75914839,0.69290646,0.75393842,NaN
2023-12-24,0.75395674,0.76048379,0.70400537,0.71431942,NaN
2023-12-25,0.71431275,0.8271033,0.71110496,0.81732098,NaN
2023-12-26,0.81740999,0.90843908,0.77723426,0.88402747,NaN
2023-12-27,0.88402747,0.91944,0.82094286,0.83021771,NaN
2023-12-28,0.83027485,0.86439692,0.77762464,0.79685066,NaN
2023-12-29,0.79685066,0.84168905,0.760765,0.80595012,NaN
2023-12-30,0.80591891,0.82060866,0.76997953,0.8083582,NaN
2023-12-31,0.8082982,0.82985805,0.76490716,0.77549117,NaN
2024-01-01,0.77551117,0.8471509,0.75585836,0.84323027,NaN
2024-01-02,0.84323027,0.93022203,0.83964188,0.90584851,NaN
2024-01-03,0.90586285,0.9404714,0.68194671,0.84333581,NaN
2024-01-04,0.84333581,0.87017711,0.80567439,0.85454763,NaN
2024-01-05,0.85471825,0.90118229,0.76853242,0.90035327,NaN
2024-01-06,0.90032467,0.90053325,0.80836017,0.83216907,NaN
2024-01-07,0.83209056,0.86023449,0.7920011,0.80035434,NaN
2024-01-08,0.80029431,0.88366701,0.72214996,0.86071571,NaN
2024-01-09,0.86071571,0.87467683,0.77665608,0.7988388,NaN
2024-01-10,0.7988388,0.86140606,0.76232517,0.842207,NaN
2024-01-11,0.84216965,1.14846793,0.83052938,1.09241634,NaN
2024-01-12,1.09243301,1.22490586,1.04516196,1.16815011,NaN
2024-01-13,1.16799009,1.36144451,1.12011084,1.2883415,NaN
2024-01-14,1.28843149,1.35212984,1.23246031,1.25085151,NaN
2024-01-15,1.2509115,1.4489021,1.24986444,1.37043274,NaN
2024-01-16,1.37044467,1.39716335,1.23923119,1.26987799,NaN
2024-01-17,1.26987799,1.32843181,1.20223813,1.29261113,NaN
2024-01-18,1.29261328,1.34564465,1.14523336,1.15741622,NaN
2024-01-19,1.15747283,1.18969679,1.0845985,1.16480394,NaN
2024-01-20,1.16482616,1.16515234,1.05664281,1.10097132,NaN
2024-01-21,1.10097132,1.12801161,1.05637807,1.06042575,NaN
2024-01-22,1.06041325,1.12970414,1.0105302,1.07252343,NaN
2024-01-23,1.07245633,1.2254017,1.01514198,1.18414439,NaN
2024-01-24,1.18416675,1.3155751,1.14220007,1.29173713,NaN
2024-01-25,1.29169431,1.29339205,1.16458552,1.17804638,NaN
2024-01-26,1.1780044,1.47040621,1.15754515,1.45736883,NaN
2024-01-27,1.45754872,1.49429842,1.37286658,1.39413133,NaN
2024-01-28,1.39413268,1.48827815,1.311025,1.33308,NaN
2024-01-29,1.33308,1.5819187,1.32732148,1.56232542,NaN
2024-01-30,1.56234208,1.6491675,1.51588489,1.54491003,NaN
2024-01-31,1.54481003,1.63760259,1.48445013,1.5185627,NaN
2024-02-01,1.51854841,1.56573686,1.43134388,1.52451483,NaN
2024-02-02,1.52459477,1.54323887,1.44498941,1.46192226,NaN
2024-02-03,1.46192226,1.48372482,1.38750117,1.4367704,NaN
2024-02-04,1.4367704,1.53910385,1.42337628,1.46408689,NaN
2024-02-05,1.4640494,1.65793581,1.43258502,1.57508803,NaN
2024-02-06,1.57495095,1.61226782,1.50905417,1.51627688,NaN
2024-02-07,1.51627688,1.55930839,1.48596721,1.54085183,NaN
2024-02-08,1.54082117,1.58635813,1.50378781,1.52596755,NaN
2024-02-09,1.52600087,1.8069655,1.5198451,1.76183326,NaN
2024-02-10,1.7618997,1.813523,1.70075003,1.73219486,NaN
2024-02-11,1.73219486,1.79712484,1.67858957,1.69494322,NaN
2024-02-12,1.69492922,1.829628,1.68956726,1.7623265,NaN
2024-02-13,1.7623265,1.87939436,1.73040298,1.8566982,NaN
2024-02-14,1.85671726,1.97285153,1.81414425,1.90694894,NaN
2024-02-15,1.90699182,1.94801474,1.82249348,1.86424503,NaN
2024-02-16,1.86428792,1.8822475,1.7468335,1.80900907,NaN
2024-02-17,1.80904911,1.81516773,1.70419179,1.7687714,NaN
2024-02-18,1.7687714,1.81583048,1.73408667,1.80009156,NaN
2024-02-19,1.80012491,1.8331179,1.73757942,1.77402673,NaN
2024-02-20,1.77400173,1.77827561,1.62082101,1.71731773,NaN
2024-02-21,1.71729772,1.72194448,1.62014932,1.6926251,NaN
2024-02-22,1.6926376,1.77165522,1.63972838,1.71878145,NaN
2024-02-23,1.71876479,1.7461718,1.5644919,1.60212481,NaN
2024-02-24,1.60215979,1.66447136,1.55305371,1.63567432,NaN
2024-02-25,1.63567432,1.65279144,1.61317571,1.64526164,NaN
2024-02-26,1.64525665,1.71584951,1.57901599,1.67058329,NaN
2024-02-27,1.67058329,1.70562335,1.58466481,1.61625398,NaN
2024-02-28,1.61619838,1.71959112,1.388914,1.5842034,NaN
2024-02-29,1.58429511,1.71577246,1.57187296,1.67851379,NaN
2024-03-01,1.67848518,1.74453156,1.65507218,1.6908724,NaN
2024-03-02,1.6907974,1.6986624,1.58934554,1.62222743,NaN
2024-03-03,1.62224411,1.62909108,1.42142317,1.55969096,NaN
2024-03-04,1.55969096,1.59124801,1.43455768,1.48722484,NaN
2024-03-05,1.48704476,1.58654177,1.18088905,1.39808944,NaN
2024-03-06,1.39808944,1.5107882,1.360244,1.47649059,NaN
2024-03-07,1.47650727,1.61711555,1.47205066,1.58128518,NaN
2024-03-08,1.58122086,1.6042678,1.46469539,1.54615898,NaN
2024-03-09,1.54617567,1.67316622,1.52273044,1.58723744,NaN
2024-03-10,1.58725748,1.6545525,1.5205579,1.55793632,NaN
2024-03-11,1.55791962,1.59328428,1.48139014,1.57301906,NaN
2024-03-12,1.57301906,1.63431011,1.43404975,1.59936839,NaN
2024-03-13,1.5993564,1.6958973,1.57473618,1.62127869,NaN
2024-03-14,1.62129219,1.66074138,1.47419673,1.56848528,NaN
2024-03-15,1.56842811,1.58133515,1.34256337,1.49167847,NaN
2024-03-16,1.49167847,1.71646862,1.48539026,1.63320523,NaN
2024-03-17,1.63310522,1.63618031,1.43876787,1.61414382,NaN
2024-03-18,1.61414382,1.75045964,1.51733829,1.52231593,NaN
2024-03-19,1.52248246,1.73534671,1.4311622,1.64680225,NaN
2024-03-20,1.64680225,1.77858335,1.50149464,1.75244116,NaN
2024-03-21,1.75242689,1.94521022,1.74067127,1.82687546,NaN
2024-03-22,1.82687546,1.83097094,1.68443823,1.73088094,NaN
2024-03-23,1.73119751,1.73769544,1.64316675,1.64535284,NaN
2024-03-24,1.64533617,1.69896892,1.62026864,1.67867292,NaN
2024-03-25,1.67867292,1.74586852,1.65700842,1.70373728,NaN
2024-03-26,1.70373728,1.89435074,1.69757032,1.88621789,NaN
2024-03-27,1.88621789,2.18066344,1.85631379,2.07544755,NaN
2024-03-28,2.0754404,2.16268117,1.95889868,2.02090623,NaN
2024-03-29,2.02090623,2.14645666,1.90283331,1.90322237,NaN
2024-03-30,1.90324778,1.9553133,1.8704509,1.88142797,NaN
2024-03-31,1.88142797,1.92585431,1.86667733,1.91476871,NaN
2024-04-01,1.91478157,2.02507878,1.80800862,1.93972291,NaN
2024-04-02,1.93972291,2.00512988,1.7285417,1.73400886,NaN
2024-04-03,1.73400886,1.76396264,1.63703157,1.66823979,NaN
2024-04-04,1.66824318,1.74316569,1.65957248,1.68418762,NaN
2024-04-05,1.68418762,1.68454479,1.54295729,1.60867234,NaN
2024-04-06,1.60854523,1.64412524,1.60124801,1.62542995,NaN
2024-04-07,1.62549247,1.66811186,1.61814271,1.64226337,NaN
2024-04-08,1.64226337,1.72208238,1.61927841,1.70991689,NaN
2024-04-09,1.70996435,1.71855688,1.57200769,1.57496237,NaN
2024-04-10,1.57499457,1.58363171,1.46114896,1.52113826,NaN
2024-04-11,1.52115254,1.55958943,1.47574253,1.49049198,NaN
2024-04-12,1.49049198,1.5143969,1.05633142,1.23999545,NaN
2024-04-13,1.23998137,1.24660248,0.88890793,1.06199493,NaN
2024-04-14,1.06199493,1.20925094,1.02694174,1.19995106,NaN
2024-04-15,1.19997189,1.29884469,1.11688378,1.17265986,NaN
2024-04-16,1.17265986,1.23324483,1.1065657,1.22414713,NaN
2024-04-17,1.22414713,1.35744351,1.17785287,1.26035931,NaN
2024-04-18,1.26030762,1.28741247,1.19918003,1.25499725,NaN
2024-04-19,1.25502582,1.39079895,1.13630067,1.33374318,NaN
2024-04-20,1.33374318,1.43554715,1.30555231,1.42797669,NaN
2024-04-21,1.42797669,1.44515088,1.34187841,1.37097042,NaN
2024-04-22,1.37100848,1.43955886,1.35467671,1.39277485,NaN
2024-04-23,1.39277485,1.41731862,1.31094274,1.32645219,NaN
2024-04-24,1.326431,1.34868643,1.23721176,1.25069085,NaN
2024-04-25,1.25060751,1.26477499,1.18735848,1.22375881,NaN
2024-04-26,1.22365887,1.22951429,1.16180561,1.17403378,NaN
2024-04-27,1.17401975,1.23159432,1.12139437,1.21083397,NaN
2024-04-28,1.21083397,1.25867144,1.20502003,1.2168046,NaN
2024-04-29,1.21679032,1.23077449,1.16668993,1.19170577,NaN
2024-04-30,1.1917288,1.20525433,1.07334611,1.14337218,NaN
2024-05-01,1.1433177,1.16540787,1.06953388,1.14649104,NaN
2024-05-02,1.14646142,1.15869745,1.09130843,1.11948606,NaN
2024-05-03,1.11951934,1.14546309,1.06969528,1.11206026,NaN
2024-05-04,1.11206026,1.12448424,1.07821546,1.09133698,NaN
2024-05-05,1.09133698,1.12152525,1.05412091,1.09562254,NaN
2024-05-06,1.09562254,1.15145727,1.07952082,1.0933295,NaN
2024-05-07,1.0933295,1.14480606,1.07574078,1.07991456,NaN
2024-05-08,1.07991456,1.08299236,1.00512428,1.01051108,NaN
2024-05-09,1.01052522,1.03953097,0.97360072,1.02564593,NaN
2024-05-10,1.02564593,1.10897671,1.00211135,1.00766079,NaN
2024-05-11,1.00767535,1.03218287,0.990715,0.99408125,NaN
2024-05-12,0.99408125,1.02029136,0.99153221,1.00349928,NaN
2024-05-13,1.00355031,1.01418977,0.94270708,0.96908432,NaN
2024-05-14,0.96908432,0.9761223,0.88516856,0.89596668,NaN
2024-05-15,0.89596668,1.02578587,0.88609399,0.99159959,NaN
2024-05-16,0.99164719,1.07444493,0.97615202,1.02437238,NaN
2024-05-17,1.02436418,1.10833118,1.01073018,1.07567078,NaN
2024-05-18,1.07577729,1.08947697,1.05218152,1.08150902,NaN
2024-05-19,1.08150902,1.08951673,1.01879221,1.02728561,NaN
2024-05-20,1.02729847,1.14677371,1.00844184,1.1466619,NaN
2024-05-21,1.1466619,1.17203326,1.11940049,1.14077123,NaN
2024-05-22,1.14077123,1.15401696,1.08106197,1.10510089,NaN
2024-05-23,1.10509589,1.13291202,1.00897973,1.07593746,NaN
2024-05-24,1.07593746,1.08503575,1.03146593,1.06709278,NaN
2024-05-25,1.06710943,1.08269574,1.0509572,1.06257286,NaN
2024-05-26,1.06254287,1.06966813,1.02308605,1.04156161,NaN
2024-05-27,1.04156161,1.08249015,1.03094483,1.07395887,NaN
2024-05-28,1.07398386,1.07495944,1.01415162,1.02949044,NaN
2024-05-29,1.02949044,1.04611562,1.00817789,1.01548029,NaN
2024-05-30,1.01548315,1.03399115,0.97921163,1.0117326,NaN
2024-05-31,1.0117326,1.03327049,0.99497058,1.02296159,NaN
2024-06-01,1.02293303,1.0352617,1.00962938,1.02301971,NaN
2024-06-02,1.02299407,1.0377198,1.00773298,1.01566504,NaN
2024-06-03,1.0156365,1.05523822,1.01307399,1.03908819,NaN
2024-06-04,1.03914149,1.05572166,1.01219975,1.0539,NaN
2024-06-05,1.05392479,1.10461338,1.04656492,1.10408972,NaN
2024-06-06,1.10408972,1.13607678,1.08627352,1.11323305,NaN
2024-06-07,1.11321638,1.17046643,0.98890098,1.08058972,NaN
2024-06-08,1.08058972,1.17019057,1.06418947,1.10370089,NaN
2024-06-09,1.10367812,1.12896021,1.06422145,1.09362999,NaN
2024-06-10,1.09362999,1.09610285,1.03181935,1.03372203,NaN
2024-06-11,1.03373943,1.04292148,0.98055482,0.99189959,NaN
2024-06-12,0.99193957,1.05416468,0.96053818,1.01842815,NaN
2024-06-13,1.01842815,1.0201706,0.95823601,0.96565428,NaN
2024-06-14,0.96561671,1.0024861,0.90229115,0.9293464,NaN
2024-06-15,0.9293464,0.95880629,0.92573535,0.94378667,NaN
2024-06-16,0.94378667,0.96933901,0.92280388,0.9691758,NaN
2024-06-17,0.96920437,0.98418674,0.86240789,0.89028134,NaN
2024-06-18,0.89028134,0.89374347,0.75768395,0.79975558,NaN
2024-06-19,0.79975558,0.87530719,0.79105711,0.8650205,NaN
2024-06-20,0.86505057,0.92347094,0.85875496,0.89381408,NaN
2024-06-21,0.89381408,0.91972307,0.86583011,0.91921723,NaN
2024-06-22,0.91904234,0.92388907,0.88727513,0.8903571,NaN
2024-06-23,0.8903571,0.94266763,0.87737117,0.88058427,NaN
2024-06-24,0.88045933,0.89762799,0.80866988,0.89428065,NaN
2024-06-25,0.89428065,0.90599776,0.86911704,0.87788273,NaN
2024-06-26,0.87787163,0.89001365,0.82108412,0.82938413,NaN
2024-06-27,0.82930575,0.87052966,0.8253256,0.83597426,NaN
2024-06-28,0.83587433,0.8431931,0.78602272,0.78969471,NaN
2024-06-29,0.78969471,0.80437008,0.77937952,0.78114379,NaN
2024-06-30,0.78116376,0.82354144,0.77234652,0.81871457,NaN
2024-07-01,0.81872829,0.83406472,0.80447927,0.80791519,NaN
2024-07-02,0.80793738,0.83565358,0.79917836,0.82466738,NaN
2024-07-03,0.82466627,0.8288,0.76720013,0.77482048,NaN
2024-07-04,0.77482048,0.78243057,0.66921963,0.67282185,NaN
2024-07-05,0.67280811,0.67457683,0.57569103,0.64358783,NaN
2024-07-06,0.64360032,0.70012801,0.64007748,0.69383566,NaN
2024-07-07,0.69382279,0.69776649,0.63712051,0.64002485,NaN
2024-07-08,0.64002485,0.69665596,0.61299604,0.67334163,NaN
2024-07-09,0.67334163,0.75498742,0.66689234,0.74287861,NaN
2024-07-10,0.74287861,0.76727584,0.71947878,0.73788209,NaN
2024-07-11,0.73781113,0.77825209,0.72852428,0.7557792,NaN
2024-07-12,0.75578038,0.77154178,0.73101967,0.74829753,NaN
2024-07-13,0.74821004,0.76706271,0.7432051,0.75806657,NaN
2024-07-14,0.7580499,0.81939055,0.75771777,0.80752038,NaN
2024-07-15,0.80748704,0.84961067,0.79351266,0.84435836,NaN
2024-07-16,0.84435836,0.88365296,0.81651676,0.86774468,NaN
2024-07-17,0.86774468,0.89192863,0.83945052,0.84017018,NaN
2024-07-18,0.84016983,0.85599779,0.7875325,0.81082257,NaN
2024-07-19,0.81082257,0.86234164,0.79675763,0.85384066,NaN
2024-07-20,0.85381866,0.89134577,0.84394841,0.85073943,NaN
2024-07-21,0.85075372,0.85982896,0.81159313,0.85933221,NaN
2024-07-22,0.85933221,0.90167449,0.82637405,0.83153848,NaN
2024-07-23,0.83155098,0.84650959,0.80080385,0.81474035,NaN
2024-07-24,0.81472434,0.82599175,0.7651092,0.77086013,NaN
2024-07-25,0.77086013,0.77132114,0.71053001,0.74971431,NaN
2024-07-26,0.74971431,0.79294919,0.74654597,0.78690486,NaN
2024-07-27,0.78691163,0.79894865,0.76393173,0.78443221,NaN
2024-07-28,0.78450255,0.78451801,0.74356692,0.74974186,NaN
2024-07-29,0.74974186,0.78471872,0.73629397,0.74004097,NaN
2024-07-30,0.74002669,0.75086623,0.69410862,0.70769537,NaN
2024-07-31,0.70770282,0.72602707,0.69376606,0.7069566,NaN
2024-08-01,0.70700658,0.71757804,0.65802675,0.69580929,NaN
2024-08-02,0.69580929,0.69985732,0.63443629,0.63758288,NaN
2024-08-03,0.63758288,0.65282468,0.59336934,0.609594,NaN
2024-08-04,0.609594,0.62916425,0.56381888,0.57729056,NaN
2024-08-05,0.57729841,0.58086594,0.46267393,0.53453701,NaN
2024-08-06,0.53455922,0.61556185,0.53452638,0.60139432,NaN
2024-08-07,0.60139432,0.64890844,0.59118279,0.61649234,NaN
2024-08-08,0.6164957,0.86216921,0.6003028,0.8523389,NaN
2024-08-09,0.85233915,0.87912965,0.82543279,0.85540181,NaN
2024-08-10,0.85530813,0.95785064,0.84877828,0.91955309,NaN
2024-08-11,0.91949056,0.93036737,0.85929727,0.87380067,NaN
2024-08-12,0.87378067,1.1150492,0.87356149,1.01447397,NaN
2024-08-13,1.01443983,1.01652076,0.93398262,0.95532208,NaN
2024-08-14,0.95533458,0.97302274,0.88645243,0.93434883,NaN
2024-08-15,0.93430295,0.93934638,0.82422718,0.84512815,NaN
2024-08-16,0.84512815,0.88446814,0.80661577,0.81190967,NaN
2024-08-17,0.81188109,0.85079555,0.79969952,0.8283137,NaN
2024-08-18,0.82832221,0.85694558,0.81887591,0.82422564,NaN
2024-08-19,0.82425021,0.91635221,0.81097278,0.90128583,NaN
2024-08-20,0.90127419,0.92935212,0.86643186,0.87115367,NaN
2024-08-21,0.87115367,0.88419773,0.83381608,0.84947122,NaN
2024-08-22,0.84947122,0.86508677,0.83445731,0.85216769,NaN
2024-08-23,0.85216769,1.03524872,0.85147356,1.01569015,NaN
2024-08-24,1.0156639,1.05678632,0.98671655,1.01887613,NaN
2024-08-25,1.01889613,1.02192519,0.95998376,0.99901064,NaN
2024-08-26,0.99902128,1.01423845,0.92660767,0.92668362,NaN
2024-08-27,0.92666139,0.97671133,0.83307276,0.84758001,NaN
2024-08-28,0.84759112,0.85021723,0.76357719,0.80982749,NaN
2024-08-29,0.80982266,0.85425852,0.79363308,0.80354437,NaN
2024-08-30,0.80357491,0.83688354,0.76663852,0.83179548,NaN
2024-08-31,0.83183993,0.83593906,0.78428721,0.7960894,NaN
2024-09-01,0.79605386,0.81233976,0.75676979,0.76069884,NaN
2024-09-02,0.76064874,0.79829542,0.74174148,0.78696626,NaN
2024-09-03,0.78694626,0.83710431,0.78065782,0.78529184,NaN
2024-09-04,0.78528073,0.83321846,0.74976617,0.80892223,NaN
2024-09-05,0.80888224,0.83960576,0.78009268,0.79714649,NaN
2024-09-06,0.7971658,0.88647414,0.78922495,0.83749992,NaN
2024-09-07,0.83751992,0.91699275,0.82927631,0.8909229,NaN
2024-09-08,0.89087292,0.98528468,0.88422414,0.93888208,NaN
2024-09-09,0.93889319,0.97324213,0.89504525,0.95813333,NaN
2024-09-10,0.95814875,0.9710249,0.90996599,0.91809293,NaN
2024-09-11,0.91809293,0.93341888,0.8672308,0.93019779,NaN
2024-09-12,0.93018049,1.06709776,0.9277042,1.03950425,NaN
2024-09-13,1.03950523,1.04743107,0.993291,1.0275489,NaN
2024-09-14,1.02758334,1.06901693,1.00489561,1.04513984,NaN
2024-09-15,1.04520654,1.13872583,1.04122683,1.07875892,NaN
2024-09-16,1.07871447,1.12836739,1.02377503,1.04197084,NaN
2024-09-17,1.04197084,1.18815887,1.01895045,1.16916082,NaN
2024-09-18,1.16916082,1.3176435,1.14266688,1.31502945,NaN
2024-09-19,1.31496278,1.40877603,1.30906267,1.37948522,NaN
2024-09-20,1.37948522,1.57525684,1.35081231,1.4701225,NaN
2024-09-21,1.47010583,1.51133086,1.43476453,1.48186434,NaN
2024-09-22,1.48184768,1.63165584,1.42442145,1.58467166,NaN
2024-09-23,1.58467166,1.64603221,1.50918142,1.53512638,NaN
2024-09-24,1.53512638,1.79228069,1.49939377,1.74200921,NaN
2024-09-25,1.74200921,1.77346386,1.6694113,1.69805571,NaN
2024-09-26,1.69807389,1.75658834,1.60322112,1.63998349,NaN
2024-09-27,1.63993017,1.73378142,1.61652635,1.65707417,NaN
2024-09-28,1.65707417,1.69297609,1.60793668,1.68758457,NaN
2024-09-29,1.68753457,1.84668467,1.62826913,1.75875227,NaN
2024-09-30,1.75882728,1.83987807,1.70216047,1.77518287,NaN
2024-10-01,1.77503841,1.93160271,1.66096807,1.75778224,NaN
2024-10-02,1.75782401,1.93019232,1.73935349,1.85464898,NaN
2024-10-03,1.85464898,1.99983494,1.6071859,1.66253753,NaN
2024-10-04,1.66254753,1.82186491,1.62476369,1.77241114,NaN
2024-10-05,1.77247641,1.78794097,1.6925121,1.75456878,NaN
2024-10-06,1.75450736,1.86577828,1.70907967,1.84098999,NaN
2024-10-07,1.8410063,2.16503375,1.83630892,2.01716267,NaN
2024-10-08,2.01720025,2.13264136,1.93195372,1.98630137,NaN
2024-10-09,1.98630137,1.99559306,1.84349605,1.87451835,NaN
2024-10-10,1.87448087,1.90196023,1.74623289,1.83307461,NaN
2024-10-11,1.83307461,2.08477428,1.79419777,2.05094527,NaN
2024-10-12,2.05094527,2.286288,2.00286429,2.24110507,NaN
2024-10-13,2.24109452,2.36489552,2.12473546,2.34284116,NaN
2024-10-14,2.34291253,2.34728293,2.21024223,2.2491428,NaN
2024-10-15,2.24915776,2.27260516,1.97566183,2.05918792,NaN
2024-10-16,2.05917681,2.15400203,1.97660842,2.08262506,NaN
2024-10-17,2.08263113,2.16194645,1.9979924,2.02453333,NaN
2024-10-18,2.0244762,2.15160529,2.00858017,2.12498586,NaN
2024-10-19,2.12494679,2.12525352,2.04147269,2.06239696,NaN
2024-10-20,2.06243945,2.1533376,2.04331522,2.12781427,NaN
2024-10-21,2.1278476,2.17820296,1.99861222,2.00889934,NaN
2024-10-22,2.00889934,2.03202826,1.87668383,1.9383365,NaN
2024-10-23,1.9383365,1.99659566,1.86572495,1.97591122,NaN
2024-10-24,1.97579879,2.0493923,1.92430022,1.93455363,NaN
2024-10-25,1.93455363,1.94192437,1.64644802,1.75045399,NaN
2024-10-26,1.75045399,1.84191632,1.69808954,1.79145331,NaN
2024-10-27,1.79144222,1.82439647,1.7234551,1.75394781,NaN
2024-10-28,1.75394781,1.78574034,1.60029895,1.77106218,NaN
2024-10-29,1.77109785,2.09623557,1.76347784,2.06987742,NaN
2024-10-30,2.06989963,2.12983516,1.97843253,2.08227362,NaN
2024-10-31,2.08234369,2.09724743,1.9365276,1.97099991,NaN
2024-11-01,1.97098991,2.10591215,1.91417675,1.98694009,NaN
2024-11-02,1.98694009,2.02368032,1.86816627,1.90733526,NaN
2024-11-03,1.90730913,1.9620576,1.7726392,1.94613517,NaN
2024-11-04,1.94613517,1.96480258,1.79351339,1.84893023,NaN
2024-11-05,1.84890594,2.06734118,1.84162824,2.00790453,NaN
2024-11-06,2.00787955,2.35075337,2.00080741,2.30377014,NaN
2024-11-07,2.30385763,2.38670516,2.21101311,2.32003288,NaN
2024-11-08,2.32003288,2.38407451,2.20642421,2.28960096,NaN
2024-11-09,2.28961875,2.84750153,2.2318463,2.74941946,NaN
2024-11-10,2.74937499,3.15092523,2.69934269,3.0342806,NaN
2024-11-11,3.0343004,3.3139,3.02600467,3.2754,NaN
2024-11-12,3.2754,3.3326,2.8297,3.2164,NaN
2024-11-13,3.2165,3.4418,2.8546,3.307,NaN
2024-11-14,3.3071,3.53,3.2299,3.3561,NaN
2024-11-15,3.3561,3.6782,3.1024,3.6101,NaN
2024-11-16,3.6098,3.9333,3.5811,3.7606,NaN
2024-11-17,3.7607,3.9413,3.5762,3.7844,NaN
2024-11-18,3.7839,3.9075,3.6072,3.6998,NaN
2024-11-19,3.6999,3.8496,3.6081,3.7257,NaN
2024-11-20,3.7257,3.848,3.4291,3.5291,NaN
2024-11-21,3.5291,3.6973,3.3279,3.6274,NaN
2024-11-22,3.6274,3.6587,3.3974,3.5688,NaN
2024-11-23,3.5688,3.6617,3.3458,3.4402,NaN
2024-11-24,3.4401,3.5729,3.1474,3.3983,NaN
2024-11-25,3.3981,3.487,3.1054,3.1957,NaN
2024-11-26,3.1957,3.538,2.9745,3.4938,NaN
2024-11-27,3.4939,3.5005,3.274,3.4319,NaN
2024-11-28,3.432,3.657,3.3964,3.4466,NaN
2024-11-29,3.4466,3.553,3.3591,3.4859,NaN
2024-11-30,3.486,3.5348,3.4132,3.4774,NaN
2024-12-01,3.4774,3.535,3.3362,3.4784,NaN
2024-12-02,3.4787,3.4932,3.1813,3.3918,NaN
2024-12-03,3.3917,3.8754,3.3243,3.696,NaN
2024-12-04,3.696,3.7926,3.5269,3.676,NaN
2024-12-05,3.676,4.4476,3.5339,4.2335,NaN
2024-12-06,4.2336,4.4881,4.0856,4.2209,NaN
2024-12-07,4.2209,4.4521,4.1621,4.2651,NaN
2024-12-08,4.2651,4.4014,4.1259,4.2343,NaN
2024-12-09,4.2343,4.2709,3.3832,3.8416,NaN
2024-12-10,3.8418,3.8975,3.4667,3.7145,NaN
2024-12-11,3.7146,4.4058,3.5711,4.3752,NaN
2024-12-12,4.3752,4.8778,4.3581,4.6231,NaN
2024-12-13,4.6231,4.9239,4.543,4.7627,NaN
2024-12-14,4.7627,4.8449,4.3541,4.46,NaN
2024-12-15,4.4599,4.8457,4.3535,4.7829,NaN
2024-12-16,4.7829,4.9561,4.5983,4.6267,NaN
2024-12-17,4.6267,4.8678,4.5679,4.6419,NaN
2024-12-18,4.6418,4.7619,4.2593,4.3361,NaN
2024-12-19,4.3362,4.5947,3.9375,4.0736,NaN
2024-12-20,4.0737,4.6035,3.4926,4.5773,NaN
2024-12-21,4.5773,4.9067,4.2306,4.3592,NaN
2024-12-22,4.3592,4.5914,4.1618,4.3225,NaN
2024-12-23,4.3225,4.7494,4.106,4.7112,NaN
2024-12-24,4.7112,4.7505,4.4599,4.6003,NaN
2024-12-25,4.6003,4.6402,4.4511,4.4955,NaN
2024-12-26,4.4955,4.5295,4.147,4.1981,NaN
2024-12-27,4.1982,4.4095,4.05,4.0791,NaN
2024-12-28,4.0793,4.2593,3.9751,4.2076,NaN
2024-12-29,4.2076,4.2707,4.0474,4.085,NaN
2024-12-30,4.0849,4.366,3.9405,4.1734,NaN
2024-12-31,4.1734,4.3367,4.0424,4.1152,NaN
2025-01-01,4.1151,4.3092,4.0392,4.2754,NaN
2025-01-02,4.2754,4.4567,4.2494,4.3436,NaN
2025-01-03,4.3436,4.9837,4.2753,4.9796,NaN
2025-01-04,4.9794,5.3518,4.8386,5.2881,NaN
2025-01-05,5.288,5.3239,5.1194,5.2434,NaN
2025-01-06,5.2433,5.3627,5.022,5.0895,NaN
2025-01-07,5.0896,5.1729,4.7544,4.7869,NaN
2025-01-08,4.787,4.9123,4.3911,4.8955,NaN
2025-01-09,4.8957,4.8957,4.4974,4.7505,NaN
2025-01-10,4.7505,5.2494,4.7341,5.1225,NaN
2025-01-11,5.1225,5.1406,4.9039,4.9679,NaN
2025-01-12,4.9679,4.9799,4.69,4.7308,NaN
2025-01-13,4.7309,4.8567,4.2695,4.7466,NaN
2025-01-14,4.747,4.7609,4.5403,4.5833,NaN
2025-01-15,4.5833,4.8895,4.4314,4.8347,NaN
2025-01-16,4.8349,5.0541,4.5814,4.749,NaN
2025-01-17,4.7489,4.9674,4.7119,4.8364,NaN
2025-01-18,4.8365,5.1383,4.6131,5.0056,NaN
2025-01-19,5.0056,5.0208,4.4009,4.5023,NaN
2025-01-20,4.5024,4.8384,4.297,4.4115,NaN
2025-01-21,4.4116,4.7923,4.2271,4.6543,NaN
2025-01-22,4.6543,4.7044,4.4533,4.4713,NaN
2025-01-23,4.4713,4.4745,4.1564,4.301,NaN
2025-01-24,4.301,4.4842,4.1627,4.2025,NaN
2025-01-25,4.2025,4.2573,4.1002,4.1297,NaN
2025-01-26,4.1297,4.2209,3.8633,3.8711,NaN
2025-01-27,3.8708,4.0149,3.4964,3.9625,NaN
2025-01-28,3.9625,4.0119,3.6089,3.6523,NaN
2025-01-29,3.6523,3.8895,3.6009,3.6959,NaN
2025-01-30,3.6959,4.2131,3.6665,4.1185,NaN
2025-01-31,4.1185,4.2518,4.065,4.1571,NaN